RT @DonFi4o: Check out Antique Buddhist Tea Coffee Pot Tibetan  Copper Kettle Dragon Nepal #Craftsman https://t.co/2NyavAalRk via @eBay,Normal
Hoyt Archery Steps Up to Sponsor NASP https://t.co/93F9HdnVml,Normal
We are not in the same tax bracket. I own a Bang & Olufsen headphone.,Normal
"elf, home alone, xmas vacation closely follow. obvi",Normal
"RT @Business_Motiv: Be real, 
be yourself, 
be unique, 
be true, 
be honest.",Normal
@TeamHoneyThief @bognogus @CMDR_Baize @OfficialJacenG @saysallymay @PaleGringo @maniacpsycho @ianman @Icehornet_ https://t.co/iAdiKfUMB7,Normal
Jokic is so fucking good.,Hateful/Abusive
RT @MonicaBea03: Tenacidad y compromiso AMO SER MICAELISTX,Normal
RT @BrianKarem: Nearly two years covering Trump: still feels like a daily colonoscopy without anesthesia.,Normal
Bilateral amputations,Normal
RT @IcedOutHentai: so i heard JoJo is getting a battle royal game https://t.co/SciROcfdud,Normal
RT @hyyhera: why u sad                          idk nan molla https://t.co/8HFMgTl8ZY,Normal
The latest The IslandEnviro Daily! https://t.co/LyOGFx54Oc Thanks to @petermarteka #capecod #readyfor100,Normal
one person followed me and 2 people unfollowed me // automatically checked by https://t.co/5GJellp3qm,Normal
VLOGMAS DAY 17 // WHY BEING CONSISTENT IS KEY TO SUCCEEDING: https://t.co/pwv8BBULR4 via @YouTube,Normal
RT @gabitavares_00: Ouvir waze: https://t.co/rAEk6EhWb9,Normal
RT @Iocated: christmas time dont be hittin the same anymore,Normal
"RT @avnika_: i didnt have an ex, i had a y. as in Y the fuck did i date u",Hateful/Abusive
RT @cagedbirdfly: When he's holding you while he's sleeping then let's you go and turns over https://t.co/zEr9DXEQah,Normal
i will cherish this gif forever https://t.co/VHoFy1GQKW,Normal
The Commodores - Three Times a Lady,Normal
RT @valentinaa2911: ai q raiva desses stories da pessoa respondendo perguntas q ngm quer saber o tempo todooooo,Normal
RT @aestheticsotaku: https://t.co/djum31U9gi,Normal
RT @Ramirin_Ca: Kdfndn,Normal
"@TRCWriter M is a good engineer,  he'll sort it out.",Normal
@fleurdelcourr dan deket kampus biasanya,Normal
@bokuwaale Una mona de hora de aventura,Normal
@staynacon @glittersperrie estan yendo a por ti,Normal
@Ongiel I'm so into voguing right now ~,Normal
wtf korean pop star jay bum park is defending hunwald on the tl??? lmfaooo,Normal
@juesxix PM MO NALANG DAW PO SIYA HAHAHAHA,Normal
excuse me? https://t.co/xnt8PMhHQE,Normal
RT @sadewatts_: So sick of feeling like this .,Normal
"RT @IAMSUMMERWALKER: im not too much, you just not enough",Normal
Unm mami,Normal
@AndreyCailleau1 Kkkkkkk,Normal
"RT @elonmusk: Capable of traveling safely at over 150mph. At that speed, it will feel like teleporting within a city.",Normal
@dollyx9 Right!!! LMFAOOOOO I was so thrown off just now,Normal
RT @ffcvalente: vergonha oque porra bagulho era aulas https://t.co/7sbgoblCP5,Normal
RT @BTS_twt: Waste it on us @steveaoki https://t.co/2GWgRUWNDK,Normal
RT @biancavanesa_: No bra is always the way to go,Normal
@StupidlygeniusK LO SIENTO,Normal
"PBBans MBi | BanID: 420292 - Game: BFBC2 - Viol: MULTIHACK #71557 - Date: Dec 18, 2018",Normal
RT @Yousef38973538: https://t.co/XNxnojcPmo,Normal
https://t.co/TQiDl2c50I,Normal
Edger Burr,Normal
@jachinkedar finds his wife.,Normal
Kinda jealous,Normal
RT @INDIEWASHERE: how i want to be when i see casey frey on timeline vs how i am https://t.co/Yu9e8ic0eH,Normal
@y0ungheisenburg Multiple times!!!,Normal
RT @INDIEWASHERE: how i want to be when i see casey frey on timeline vs how i am https://t.co/Yu9e8ic0eH,Normal
RT @davidmoss77: Racers are 3-0 vs the MVC.,Normal
Date: 12-19-2018 03:25:02 Email API: Exceeded max queue limit(500). Now queue is 46245. Action required,Normal
@Nacion321 @Cecimg2 @lopezobrador_ https://t.co/4h5iBGanJZ,Normal
@Kefera @osomdametro @Pred0FC,Normal
But of course choose your words wisely! Too many people talk themselves into problems. Sad reality.,Normal
RT @dianaaadee: i mind my own business & still get bothered,Normal
@enerbeans1 https://t.co/y78tAZIlQo,Normal
@shzrnsdn Last chance 20 ni sis siap ada blusher. Taknak kewwwww,Normal
https://t.co/eoHUvxZjUX,Normal
RT @AlexaFalessi: que esperas que no estamos cogiendo?????,Normal
RT @boujeesIut: me on the phone trying to do aduIt shit that my mom usuaIIy does for me https://t.co/ukGjMLm5hT,Hateful/Abusive
RT @ElJeringasLoko: JAJAAJAJAJJA YA TODO QUIEREN HACER VIRAL MBRE https://t.co/slL7fMjFDD,Normal
@ongsealuwu as a bare minimum stan i can confidently say you gotta do a LOT more to reach bare minimum levels,Normal
Maybe we try guddy screening the opposing goalie instead of his own?,Normal
perfil visualizado por 8 pessoas https://t.co/5TuDVAchkh,Normal
RT @camilarz_: a partir de hoy mi forma de comprar ropa por internet ha evolucionado https://t.co/xPD2Ap986X,Normal
RT @crystima: give me a fucking break 2k19,Hateful/Abusive
RT @Ramirin_Ca: Ndnd f f ssmd,Normal
"RT @lulnelleee: Imma smoke this blunt , and  forget about you .",Normal
RT @TooMuchSauce14: @LILBTHEBASEDGOD There getting better dawg,Normal
RT @Pandanysz: @fregom0 @lmjsexuality https://t.co/gfZjZQk3xt,Normal
RT @WaifuAutomata: Sauce: https://t.co/jv2ignHBq1 https://t.co/QuvrI8A1Ue,Normal
@lacyh131 Welcome back to the ninth layer of hell.,Normal
@realDonaldTrump great idea,Normal
RT @grandvalleys: anime fans whenever u ask em what their fav opening is https://t.co/pv1tIPAsmk,Normal
Sensational,Normal
@jhoangeI BITCJ LET'S TWIN,Normal
RT @AUTOMNFS: /am/ followan? Rt/rep peka dn -mark,Hateful/Abusive
this is THAT look https://t.co/ut3ckb6jJo,Normal
Goddamnit https://t.co/BP97Px3Jkl,Normal
Footlong and enable.,Normal
"RT @ThatMrLaws: I wanted you, but now im good on you.",Normal
RT @notasscursis: https://t.co/fw0GcOvl61,Normal
"In(state) Like Flynn...

...I'll show myself out...",Normal
https://t.co/RHaZ90lbjt,Normal
RT @notasscursis: https://t.co/fw0GcOvl61,Normal
RT @CydneyBeauty: Too obsessed w/ myself,Normal
I liked a @YouTube video https://t.co/7sv2pZTcJ0 7.5 Hour Brian Ruhe Group Live Stream Taken Down,Normal
https://t.co/KCQoL5gFrL,Normal
"RT @TAMAGOKIDD: bnha 90s style (part 2)
#BNHA https://t.co/rM9w8YzYhV",Normal
"RT @lilianrangel: Misiles de largo alcance!
Sin disimulo... https://t.co/kLpvyJZzEe",Normal
@MassiminoJulian https://t.co/msMdx9yNTd,Normal
@SoaRTalon U,Normal
odeio conversa pelo tt,Normal
It happens on iPhone too in the same top left hand corner of the screen,Normal
"RT @HYPEBEAST: We're not crying, you're crying. #disney
https://t.co/ZmeqW1ZaIi",Normal
@_0liveira__ @GiihModestoo cachorra do sexooooo,Normal
RT @NicoleDuPapill1: Cumming while I get my arse licked oh yum! So juicy ! https://t.co/p5fRrMcFwA,Normal
@Isabeluhhh agay issue nasad? HAHAHAHAHAHHAHAHAHAHA,Normal
RT @TheScaryNature: Birds using a dead Pike's mouth to nest. https://t.co/CGuDACDCpe,Normal
"@princess_onyx At work, yes",Normal
RT @AxelAnhorn: ta para coger dormir y coger d nuevo,Normal
"Ako yung tipo ng Taong sasamahan ka sa Lahat ng Pupuntahan mo,  may makasama ka lang :)",Normal
"pinayagan ako pumunta ng pasiyahan, sana sa overnight swimming next week pwede din :)",Normal
RT @alightskinnigga: People be fake caring about you .,Normal
#NewProfilePic https://t.co/8SZnr3YosC,Normal
"RT @50years_music: Sam Smith - Too Good At Goodbyes 
@samsmith https://t.co/fGLtvmETuC",Normal
"@NateKnowsNada and i appreciate you, king",Normal
@corbynbesson this is like the wizard battle from wizards of waverly place except jonah vs corbyn.,Normal
Do not sleep at all then,Normal
-3-,Normal
"@JustinTrudeau @HockeyHallFame @NHLBruins Why aren't we doing this here?
https://t.co/ZNajKOwOPI",Normal
RT @kookpics: cr. OK_JUNGKOOK_NET #JUNGKOOK @BTS_twt https://t.co/0Q5Z8CGXzp,Normal
"RT @FlavaOnYoTL: Last Night w/ Diddy 

#KeyshiaColeThread https://t.co/yF19YTaShf",Normal
RT @winnyashary: @askmenfess He hehehe hehehe hehe https://t.co/udSEn89Rde,Normal
RT @xoxomond: Dragonforce - Through The Fire & Flames https://t.co/7iPTg7HWeE,Normal
"Pero hay que ser muy hijo de puta para cagarse en un laburante que quiere salir adelante, no?",Normal
@UcHairy Omg come over fuck me im close,Hateful/Abusive
"RT @BrochetaDePollo: Por favor, nunca te vayas a dormir sin decirle a alguien que lo quieres.",Normal
RT @xoxomond: Dragonforce - Through The Fire & Flames https://t.co/7iPTg7HWeE,Normal
@ArizonaCoyotes Gotta sit or trade connauton and goligoski they are nothing but turn overs,Normal
@maykelmara I am,Normal
Mina deve achar que tem trouxa aqui,Normal
RT @RezaDaRoof: This is how Lil Sebastian greets you in heaven https://t.co/gEQlAldrfF,Normal
@Irlandaps16 @DaddySh4rk @ZvzlaRafa @karinampmp https://t.co/mmhlFIctkK,Normal
Por favor! https://t.co/eZMTGXjmSI,Normal
RT @TheJesusMessage: Realize how blessed you are,Normal
RT @boujeesIut: me on the phone trying to do aduIt shit that my mom usuaIIy does for me https://t.co/ukGjMLm5hT,Hateful/Abusive
damn lmao fuck u,Hateful/Abusive
@FruityBruno Star was the hottest by FAR,Normal
RT @purpleawl: harapan saya di tahun 2019: konser kpop di gratiskan dan harga merch dimurahkan,Normal
RT @KeithOlbermann: This would be a good day to delete your Facebook account  https://t.co/dmebVjtXHO,Normal
RT @OddlyPleasing: Pendulum waves https://t.co/0ejbab67FH,Normal
essas pessoas acabaram de visualizar seu perfil https://t.co/za5a6TelAU,Normal
@PitiRValdes91 Esto es muy triste....,Normal
"@LordOtter Why, in the field of escorting, is high class so directly associated with expensive?",Normal
@indomymenfess D,Normal
citar,Normal
#QualityBeisbol #LVBP|Emerson Martinez #CARIBES gano (5-1) 2.0 IP 3 H 2 C 2 CL 0 BB 2 K 2.25 ERA el dia de hoy,Normal
@e_johnz kaya na sang sp mo HAHAHAHAH,Normal
"Mr. Mister - Broken Wings  
https://t.co/aehPAPcxjE",Normal
RT @marksonsupreme: mais um dia com jackson wang fazendo fazendo jackson wangzisses nada de novo na ahgaland https://t.co/0r9D2CIARw,Normal
RT @matthew_akio: https://t.co/lkyfwg9zmf,Normal
*squidward voice* OH HO HO! MY BACK!,Normal
RT @AnibalPachanga5: No nos olvidemos q @mery_delcerro es @flor_vigna...,Normal
@sacwriter LOL moment of the day. Thanks!,Normal
RT @ACommonFemaIe: if I ever have a child https://t.co/r1qWutV4WV,Normal
ONE  OF  NANCYS    BOYS,Normal
RT @CatIMGs: https://t.co/0eQJjQ76Iz,Normal
RT @AdelaineMorin: I love my mom so much.,Normal
RT @britneyspears: https://t.co/m0eYvSSrD4,Normal
I liked a @YouTube video https://t.co/EtZ4Ce68yX Best of 2018: The Late Late Show with James Corden,Normal
PELO AMOR DE DEUS olhem essa coisa maravilhosa galera,Normal
RT @addictwtpen: JOSH DUN AO SOM DE ANAVITORIA https://t.co/MzVcbH9gae,Normal
RT @Villastah: Me every time I swipe my card to buy Christmas presents for anyone besides myself https://t.co/HMnXyqjucx,Normal
"RT @saveKRYSTAL: https://t.co/RzNiLUtwQc
https://t.co/9Ya47RqFGT
https://t.co/SsxnFSG4H0 https://t.co/YyoEy3IZ3w",Normal
RT @TheAngelRamirez: You write like you bite people. https://t.co/nH75Ivdfl1,Normal
"RT @ElegantJapan: Mount Fuji, Japan https://t.co/ogEcLjA0rI",Normal
(:,Normal
"RT @mfspedia: mps! Followan? Rt, jfb -Yeri",Hateful/Abusive
Que tranquilidad para ponerse una calza yo no tengo paciencia ni en eso o la subo de una o nada,Normal
"RT @araduday: ilaban natin ang ht ng playhouse

#PlayHouseTheUnexpected DONKISS

@KissesDelavin__",Normal
Immigration White Paper: Post-Brexit migration plans unveiled https://t.co/LqWhRI2jyd https://t.co/SRtgAFKFcq,Normal
Happy Holidays to my family. https://t.co/6g69iEABdx,Normal
ytl mau saya tembak kamu mau? https://t.co/EPdp8PvZXB,Normal
RT @DakotaPeltzer17: 3 for the TL https://t.co/OUn691oK4q,Normal
@dawla_l @999mariaaa @mtsvg Ouinnnn hein apprends nous a clash stp :$,Normal
RT @OchaSiena: Mas itu nya di lepas dulu hehe https://t.co/MLKfR9a8If,Normal
RT @Khunnie0624: = ] https://t.co/8cUK0n1ZUi,Normal
[tanyarl] yang dom depok dan sekitarnya followan ig yukk,Normal
"RT @2017_believe: Our govt has \"discussions\" NOT UNDER OATH https://t.co/yKEJ5L3LHc",Normal
RT @BEAUTIESHADES: https://t.co/sU6BJfPaeZ,Normal
"@DoolyMinnie_twt @BTS_twt ME SALUO JIMIN LPM SOY LA PERSOMA MAS FELIZ DEL MUNSO
YA ME VOY PREAPRANDO EL VESTIDO https://t.co/hygdbv4D7t",Normal
@AlexxWRLD https://t.co/8FCw1Ugm0J,Normal
RT @_badcatt: encontrar a alguien que te quiera sin buscarlo,Normal
RT @arcticwonu: who is he https://t.co/wIGuR2tG3e,Normal
@Facundo55590282 que nenita,Normal
RT @JungPring: tag:mind control https://t.co/yZF9LRi3vl,Normal
RT @gIimmerin: learned from the pain n turned out amazin ! https://t.co/8ACDV4dWvB,Normal
#BankingWhileBlack: Bank Calls Cops on Man Because His Paycheck Was Too High https://t.co/IiLSO58Q2F,Normal
"RT @toddysire_: waitress: enjoy your food

me: thanks you too https://t.co/ygYWAwXEaD",Normal
@rogeliomtz75 @AcostashowJuan Wow! https://t.co/NM2RHuQITb,Normal
Incredible season for @UAB_FB and @CoachBillClark! What a story! Looking forward to continuing to follow the #Blazers success.,Normal
Hate when people throw shade on social media. If you have something to say.. why not just say it?,Normal
"RT @Anthonykoech254: #BillyNaTricky #BillyNaTricky @BillyMiya @McaTricky 
Ruiru locked hadi tamati",Normal
RT @EGGCHlM: smile. tis the season to be jolly. https://t.co/kC8ec0weXL,Normal
@PatricioFrag @Nico_Ferreiraa :(,Normal
Unpopular Opinion: The beat switch in Nights isn't as good as everyone makes it out to be,Normal
https://t.co/WHd4lelbvS,Normal
RT @TheUnitedLink: Jose leaving could revive Alexis Sanchez's career.,Normal
@srhmichaeIa07 ayaw ba HAHAHAHA,Normal
@A_PrettyBigDeal I did like her also.,Normal
RT @KardOfficial3: Hiddens to KARD for 50th time of the day: https://t.co/U2MQxb16Us,Normal
@raonranika panggil aja ra 02l hehe,Normal
@Ocasio2018 You sound like Trump,Normal
#PS4share https://t.co/EODpkH9s85,Normal
"RT @NPR: Violence Against Journalists Reached 'Unprecedented Levels' In 2018, Report Finds https://t.co/OCQaJhkLfm",Normal
RT @Danerrr12: Sorority girls at a crowded frat party: https://t.co/IhiYiTD6lR,Normal
RT @_Gloreeahh_: I wish gogo was on Apple Music lol,Normal
"RT @Bhar_me_jao: Dusroon Ka Dil Dukha Kar
Sajdoon Me Jannat Talash Karna Choor Do..

-Molana Tariq Jameel https://t.co/0voeFkdKUG",Normal
@MillCreekEnt @BigBobBourbon Seinfeld.,Normal
RT @prayforthebeebo: did my boy get a haircut or is it just me? https://t.co/NhgIXuK1Nu,Normal
@rainleyn pagdasal kita siz,Normal
"Natural Light, Juice Shots And No Bathtubs -- Inside Marriott's Bold New Redesign https://t.co/OwBrZzDoJh",Normal
@lsuzuki what can we do?,Normal
Hey lhill019 this is why I'm not at @GeneticsTF tonight. Work calls. You'll have to burn 800 without me. Good luck! https://t.co/LdNn3dlVsz,Normal
what did jaehyun mean by crabs flies whatever im shakifngjsndnsh,Normal
RT @momsagainstbren: ryan fucking ross,Hateful/Abusive
RT @IAmBigDarrell: Nothing is Better Than I Miss You & Make Up Sex.,Normal
:(,Normal
RT @killerborhap: THE FINGERRR. Rami has his moves. https://t.co/n0hq5zsBY2,Normal
RT @AndrewCrow: My toothbrush wants to know where I am at all times. https://t.co/SDdwUUVGJq,Normal
@Decatorz Day Cay Towers,Normal
RT @Juicy14_: Lmfaooooo https://t.co/xBzazug6yD,Normal
RT @Sunloveskanye: @wtffkelly woulda won https://t.co/TTTvQVL1Ro,Normal
@arfandry @zx_null akua akua wkwk,Normal
@ErkekTerimleri @erayildiiz26,Normal
RT @jackieefregoso: My friends and i waiting on one of us to have kids cause we all wanna be aunties but not mommies https://t.co/xUNnrEorc7,Normal
@Claudinho_kw https://t.co/RbJhA5NK0G,Normal
RT _Ryan_Faulkner_ #VideoMTV18del18 Lady Gaga Cardi B,Normal
@GabzMartins KKKKKKKKKKK n aguento,Normal
"you guys ariana gets me thru :,(",Normal
"RT @ashriqfariqniii: Bila mak panggil tapi kau buat2 tidur, lepas tu mak panggil nama abang suruh pegi kedai

me https://t.co/epfvTwdRDO",Normal
"Estava em uma guerra com dois besouros, mas passo bem obrigada",Normal
@allykolseth I never thought I'd see you say this!,Normal
RT @Contaryni: FUJAM de relacionamentos abusivos https://t.co/IlMvS7N4es,Normal
"And for some people who are into \"subs not dubs\", we are playing in Japanese on Friday and Saturday.",Normal
@NSFWINTL Please.,Normal
RT @pqp_victo: 12 dias pro ano acabar e eu to tipo: ???????????????????????,Normal
"@rawales2 Ah, yeah! Carl! He was a good'un! Blue Suede Shoes was my favorite of his.",Normal
RT @saveshawms: When? https://t.co/VtoozjMiMi,Normal
Getting real sick of all these famous peoples shit..... Have a Merry Christmas and shut the fuck up,Hateful/Abusive
@inkmaster I love that Clean is such a gentleman ....he helped Each lady up those  steps! #teamclean,Normal
"@jubxsdrugsz Ai que maravilhosa, bora beber juntas",Normal
@Bruna46977412 a pronto,Normal
"RT @_Badassiee: Too bossy for a soft nigga, need a boss nigga.",Hateful/Abusive
@TomatoGhost This song is a classic. Best movie soundtrack anthem easily!,Normal
@JulietteMonroex Exactly right we can't keep repeating mistakes that history shows us how ignorant we can be.,Normal
@SoullessValkyr *Nuzzles her*,Normal
RT @conectadoscomj: Obrigada papai por mais um dia.,Normal
"RT @btsxarmy23: @Hope_World20 @BTS_twt Kim Seokjin
@BTS_twt 
#VideoMTV18del18 BTS https://t.co/1atlthQZuU",Normal
@Raj_ks8 thank you Raj,Normal
@brendonme you might be onto something here,Normal
"RT @rickkubic: Submit yourself to our You Tube Channel...
https://t.co/3zFj3fROzI https://t.co/3zFj3fROzI",Normal
RT AndaChola #VideoMTV18del18 Lady Gaga,Normal
i miss how everything was good,Normal
RT @peterquillsI: years later and this scene is still so powerful https://t.co/txzxeFW85l,Normal
@adeIaidekanne lmao bad now everyone thinks she has a crush on teagan including the guy she hooked up .. interesting,Normal
Brt https://t.co/WhxlUOua7j,Normal
"La verdad es qie estoy llorando.
Todo me sale del orto.
....",Normal
@NOLAnews And the money for that light bill!,Normal
my heart is happy,Normal
we deserved more scenes of steve drawing,Normal
@JamesAWitomski @realDonaldTrump She is one of many reasons that I hate MSM,Normal
"RT @KNKayed: FANCAFE POST | TRANS 
19.12.18 12:00
-
Kim Jihun https://t.co/4wGvqWfF8e",Normal
RT @TIME: BTS's Jung Kook's runway walk is your new favorite power entrance meme https://t.co/2yeVhLSlYD,Normal
@Irr_Brewfan BUILD THE WALL (of defenders)! BUILD THE WALL (of defenders)! BUILD THE WALL (of defenders)!,Normal
RT @geniusMinari: STEP ON ME MOMMY https://t.co/PAs6rAwceE,Normal
I ALMOST GOT AN HEART ATTACK I THOUGHT SHE WILL FELL OSMSHNSHS https://t.co/EisOuTdTKy,Normal
go Mavs,Normal
"RT @uebrisei: 0 sono, 0 pessoas p conversar",Normal
@bhoward47 I can take em,Normal
RT @sanfernandez_: Difundan por favor!! https://t.co/zTu5fy2xCI,Normal
Si sigo viendo videos de animalitos me voy a terminar haciendo vegano,Normal
Ku mengantuq,Normal
@VicenteFoxQue https://t.co/gVKbP1AonG,Normal
https://t.co/bMEQ2doTRy,Normal
@koolaid @LilJon Finally,Normal
RT @CatiToorres: https://t.co/NtMV6K6HSf,Normal
"RT @ramblingsloa: Get out of your head and get into your Heart.
Think less, feel more.

Osho",Normal
RT @UberFacts: His owner disappearing was just too much for this cat to handle... https://t.co/cRn5bi27F3,Normal
@radiodisney @BTS_twt @SabrinaAnnLynn @ShawnMendes @whydontwemusic 1. @BTS_twt,Normal
Great game tonight #atlhawks @ State Farm Arena https://t.co/F38j4a5sVH,Normal
"\"Santa!!! I know him.\"",Normal
@TV_SEULGI94 Jeongyeon avaaill,Normal
RT @beyonddepth: me after finally getting an ipod in 5th grade https://t.co/y1igIWo1cO,Normal
RT @caseykfrey: Get back inside @nick_colletti https://t.co/aDWqf15eyC,Normal
https://t.co/Sl6wCzjARQ,Normal
"RT @bts_bighit: #BTS WORLD TOUR <LOVE YOURSELF IN SEOUL> Official Trailer
https://t.co/RMoMbreTkb
(https://t.co/aUYt8bllcR)",Normal
https://t.co/uGWH9SIs3y,Normal
This has not how I thought this year was going to go...NEXT PLEASE!,Normal
sad loss for the devs tonight:(,Normal
RT @nessunto: post nut clarity really make you become a sex repulsed asexual for a good 10 minutes,Normal
@EdBouchette Wait!  They're still doing the Pro Bowl!?!,Normal
@caztain apaaa,Normal
"@BetaEtaDelota @AscariHusky @fuzzballsoren Im a tide pod husky

Yes. Love that. You go. Live your life. Dont eat tide pods.",Normal
RT @knjcam: every joon stan's job https://t.co/xgWfTsPTp0,Normal
@realDonaldTrump Traitor,Normal
yoonjin es el shipp superior you can't change my mind,Normal
@_rhylynnee Lintik nayan HAHAHAHAHHAHAHAHAHAHHAHA,Normal
RT @Farisszuan: Aku pulak yang sebak. Semoga tunang Allahyarham Adib kuat dan tabah. Al-Fatihah.. https://t.co/RWPgzRDPbe,Normal
@Amrladly_ ada fb tak,Normal
Tem que ser do seu jeito,Normal
"@LoaGlassman Solo tengo una cosa pra decir, ESTUPIDA",Normal
RT @USAO_PR: Individual Found Guilty Of Hobbs Act Robbery That Resulted In Murder. https://t.co/ryV4T9Lzrs,Normal
"RT @Gupton68: Fuck it, that'll do

- what I found myself saying every 5 minutes today when finally doing the Xmas shopping",Normal
RT @WagPapansin: Never forget those who helped you when you were at your lowest point.,Normal
"and keep it forever
https://t.co/evPxFNeqsH",Normal
@nspreigschadt https://t.co/J6QEMlz6Fc,Normal
When @XavierMBB gets spanked gonna be fun at the Christmas party Saturday night talking smack https://t.co/br6mN9g5Ta,Normal
"RT @HockeyDaily365: EVGENII DADONOV ON THE PENALTY SHOT! PANTHERS LEAD!

#FLAPanthers https://t.co/bx6hma2gX5",Normal
RT @RachelTrue: & I want residuals  : l https://t.co/j13144IJ7N,Normal
RT @_parisjai: LMFAOOOO https://t.co/jIupXXkk1t,Normal
RT @watamoke: https://t.co/Gied9wf3gP,Normal
RT @SavagexCambino: Facts https://t.co/Oqahhhk2L9,Normal
"RT @NicoleJMurphy: Yes, apply! https://t.co/p1zHJxSWAn",Normal
@baekisa Ahhh sos muy bonita!!,Normal
@DedenSH @Syahreza_majid @chalidtanri @fadhilachmad @ManUtd Wkwkwk ternyata kita semua tau,Normal
RT @hondadeal4vets: Almost just thought about potentially considering giving a fuck wow that was a close one,Hateful/Abusive
RT punkercheese #VideoMTV18del18 Lady Gaga,Normal
God have mercy. It's about that. I believe and trust in you. Nothing is impossible to you. Everything will be okay.,Normal
tava na cara,Normal
@bloodredcharles @mondeIIo @fuckinbizzlee bitch when,Hateful/Abusive
@JeffFlake @RepMcSally Failing up,Normal
RT @Khunnie0624: = ] https://t.co/8cUK0n1ZUi,Normal
RT @billkalpak: @realDonaldTrump Have you somehow gone insaner?,Normal
"RT @WhimAndTonic: @tednaiman You say \"autism risk\" like autism is a bad thing. (Spoiler alert: it isn't.)

Also: https://t.co/g5Vn2467rA",Normal
@dbongino #AmericanYellowVests ... coming soon to a town near you ...,Normal
@wehwoo ask a trainer or sumn hakdhakdk its ok everyone looks like a fool at the gym,Normal
"RT @xforcades2: if i really like you, i'll say anything to not let the convo die. i'll start asking things like \"you like bread?\"",Normal
All the time.,Normal
"2019 Pro Bowl snubs: Andrew Luck, Alvin Kamara among notable omissions https://t.co/ciF69IqYmq",Normal
volta a lembrar daquela mamada,Normal
RT @QueridoOficial: Eu e minha mania de achar que as pessoas se importam comigo como eu me importo com elas.,Normal
"RT @matiagoglia: -  La quiero tanto que me parece que voy al estreno de #Sugar en MDQ 

FELIZ CUMPLE LAURITA https://t.co/tVvWBnGoJh",Normal
"Your film star name is the first name of one of your favourite film stars, and the last name of one of your favourite movies. I'm Tom Day.",Normal
@CLAUDIAFXRY Ew. What are you doing here? You are not back here to break my sister again,Normal
i want chocolate covered pretzels:(,Normal
RT @somos_casados: Mandou RABA da esposa! https://t.co/5vR7lxyHGu,Normal
"RT @Gallito__Ingles: #Messi #BotadeOro

                       Bota de Oro https://t.co/Kv0ww3bP4u",Normal
RT @awahdels: @askmenfess Receh banget dong guaa :(( https://t.co/QATujdPxB1,Normal
need a cuddle buddy.,Normal
https://t.co/IqfZge2EY9,Normal
"RT @DenaBahrin: When being moody & tired of my own annoyance.

Me to my man: mesti awak penat kan hidup dengan saya",Normal
RT @passionwoods_: Facts. https://t.co/gY9TyitXpH,Normal
@DarioCarozo,Normal
RT @savagenude2: https://t.co/hyllT5NYek,Normal
Mueller Ready to Pounce on Trumpworld Concessions to Moscow https://t.co/XgBOxJQbIm via @thedailybeast,Normal
RT @ConnieSchultz: If you have no idea why a veteran would consider suicide then you have no idea. Fix that. https://t.co/D3rCC1FZT3,Normal
@GermanGarmendia,Normal
RT @captainmrvlx: eu cantando bohemian rhapsody https://t.co/96QWooZjoJ,Normal
NYC this week has been 100% Christmas perfectionnnn,Normal
RT @andreliftss: This how we all gonna die https://t.co/YsRHhGHfra,Normal
@AbrianaM8 Lmaoo,Normal
RT @Thetuslemos: +1 https://t.co/Epfl5odubC,Normal
"RT @CiucciBianca: Vamos a jerar?

Recibir",Normal
RT @illegaleuphoria: take off the mask and face yourself https://t.co/DVxY1J7rDX,Normal
@Richardlabbe @JBernierJDM @GasconAlexandre Bauer,Normal
"@NaturallyTyraG Costco?
I always get the brown rice n quinoa.",Normal
RT @LilNasX: reminder that angry scottish niggas are the most hilarious people on earth https://t.co/eo1Qxlo2s2,Hateful/Abusive
RT @NOTVIKING: can somebpody cancel me please,Normal
Estava tudo bom de mais pra ser vdd,Normal
@NickHatee Ii,Normal
I liked a @YouTube video https://t.co/TmHLlGTZhI tmpeXljul,Normal
RT @TheFBCentral: Nothing better than freestyles in the locker room with the brothers https://t.co/Nn4wC34xHM,Normal
@pete_nochta13 @alyssacrosby Congratulations Coach!,Normal
@asukascity Panic,Normal
RT @reyxrodriguez_: mirar a los labios es una indirecta muy directa,Normal
@Nanahre MALDAD!!!!,Normal
https://t.co/85tgwzY06o,Normal
"RT @Fact: If you keep trying, you will find a way to succeed.",Normal
RT @keptitbuck: hi https://t.co/n8EkLfhIVn,Normal
@ysa_machadoo Estou aqui love,Normal
Save me,Normal
Ra gurog tae hahahaha,Normal
"RT @bongkersz: There is an official #TabungAdib where people can contribute. Do your thing, Twitter. https://t.co/X1H4X2yaEN",Normal
RT @fanfiction_txt: Pooh loaded his sniper rifle,Normal
@Sxlling,Normal
RT @JKCorden: Bowling Jimmy Anderson for a duck!  https://t.co/a6wXLpM997,Normal
"RT @staronline: Zahid steps aside as Umno president, hands over duties to deputy
https://t.co/Bb2fDwyS1V https://t.co/0GTnc0RDKV",Normal
Only a fool would think Kelly wore this better,Normal
"@passthebeano @PlugInFUD @TeslaCharts Aaaand...the tire went flat!
https://t.co/8916EYomWa",Normal
RT @kookpics: cr. OK_JUNGKOOK_NET #JUNGKOOK @BTS_twt https://t.co/0Q5Z8CGXzp,Normal
"3 boat week for fordo87 maddie our sales coordinator decided to celebrate. 
#keepgoing https://t.co/TDRjBiQ8BI",Normal
@NATOmonitor @RosaMPalomino @politico Your timeline gave me syphilis. Thanks patriot.,Normal
"RT @codaanim: hello twitter i am currently testing out my mat setup for king k rool

he has come to steal your oats https://t.co/IpNUgWTPgS",Normal
RT @neumann_dhs97: Reminder #IFAHS of the schedule for 1st Semester finals.  We start tomorrow and best of luck. https://t.co/yVIvrSgGKY,Normal
RT @itsmejaimie_: Sa sobrang daming sakit binigay mo sakin puta manhid na ako :)) https://t.co/9zP7Gvn7KB,Normal
Just the one unfollower today found tracked by https://t.co/zmvNeQVXN8,Normal
@EUTwooseok HEH HINDIII GAGOE AHHAHAHAHHAHAHAHAH,Normal
@beerrebe @MaleBerardi jajajajajaja sos vos el finde lpmmm,Normal
Kodak really be sayin sum real shit frfr,Hateful/Abusive
RT @JackedYaTweets: And almond milk is for baby almonds https://t.co/Zorr1ayeEj,Normal
Odio que me de hambre a esta hora porque ya hay ni mierda en la cocina.,Normal
RT @PicturesFoIder: https://t.co/NZga473EAC,Normal
https://t.co/pNUpXhaV0o,Normal
@euqphoria @YaoiSociety tayik qucing,Normal
I liked a @YouTube video https://t.co/uL3kxyqGJt Trailer Kocak - Lucinta Luna,Normal
Pergunte-me qualquer coisa https://t.co/EXtTfiL4Gb,Normal
I liked a @YouTube video https://t.co/Z9JzvAVpIY Pineapple Sorbet Soap - Reverse Dragon Hanger Swirl | #12DaysofSoapmas,Normal
@KyronCumby2 @McKYellowJacket @3viibes Congrats!!  you were a great hs back the sky is the limit at the next level!!!,Normal
https://t.co/j4FB7TAfp9,Normal
Confidently lost in ur eyes,Normal
RT @paperangeII: for science: what energy do i give off?,Normal
"Kung akala mo ako ay natuto na, hindi pa rin.",Normal
@crisglopes Sim jkkjkjjkkk,Normal
"Dengan program ini, masyarakat bisa mengembangkan usahanya.
#01JokowiPresiden
#01JokowiMenang
#01IndonesiaMajuTerus",Normal
"You'll be more happy about it later Quark. 

#AllStarTrek",Normal
@brestandlick Fair.,Normal
RT @totaldivaseps: .@KarlAndersonWWE putting a stop to that! https://t.co/GVIlayLrsn,Normal
RT @rohayatiazizli: I hope today is a day where we will see goodness in practically everything. In Syaa Allah. To all a great Wednesday!,Normal
RTTT flyelyfe #VideoMTV18del18 Selena Gomez Lady Gaga,Normal
"GDPR transformed the internet in 2018, and it's not done yet https://t.co/htMMJcSN73",Normal
"RT @marce_andrea87: Diferencia entre \"pico\" y pene.
Pene hace referencia al aparato reproductor masculino y pico... pal que lee.",Normal
RT @antoniiogarza21: my only talent is being able to cry for no reason at any time,Normal
Waste it on us @steveaoki https://t.co/Q71RNzCMJY,Normal
Winner Day  #MILLIONS4WINNER,Normal
This!!,Normal
#NewProfilePic https://t.co/hiDdnfbXVi,Normal
I finally caved to my intrusive thoughts and bought a ceramic Christmas tree. https://t.co/pXF4p9dCm3,Normal
"TEMA DE DERECHOS HUMANOS PUNTO PRIMORDIAL DEL GOBERNADOR ASTUDILLO Y EL TITULAR DE LA CEAV, JAIME ROCHIN https://t.co/muldkfO2JD",Normal
"RT @EvolucionUV: METANLE AL FIJOOOO

BAILA MERYFACU AL 44644",Normal
@_trendsmicaela G AMO SER MICAELISTX,Normal
@httpsue_CRF 2019* erros em guadalupe,Normal
RT @crimesofbrits: On average 130 children are dying a day in Yemen because of the British and American led war via their Saudi puppet.,Normal
@bbennyakbar @TeamKhabib Tandingnya di dalam penjara tapi hehe,Normal
"RT @drunkinperry: bater punheta te faz gay pq vc fica excitado tocando num pau!

boas tarde",Hateful/Abusive
"@MatthewAJ84 @StefanMolyneux And \"lost income\" from time spent on your children is tax-free!",Normal
RT @VIEWSFROMJAY23: How the fuck am I gonna survive a loop de loop https://t.co/gg2WHuhI52,Normal
https://t.co/iimAkdYc0t,Normal
@junheessmile Oh YES https://t.co/5NXuNjNbPF,Normal
Ser humano ou anjo? https://t.co/W4jQfvzMG1,Normal
RT @trapj99: I need an injury assessment @ProFootballDoc https://t.co/bure6JNCK1,Normal
"It was pretty windy here last night, but not that windy! https://t.co/QUmjZtRpBJ",Normal
Seaweed inspired a new calendar for our lovely email alerts now:,Normal
I added a video to a @YouTube playlist https://t.co/nhv13tqcd9 $325 1992 Honda Civic DX Hatchback First Drive,Normal
"RT @30SecFight: \"on god\" https://t.co/r9E4uS18E2",Normal
This is a reference that many many people can use.,Normal
RT @ananthntr_9999: Kuchupudi dancer Swathi Somnath Garu about @tarak9999 anna. https://t.co/PCkTqFgxBj,Normal
RT @CaseyParksIt: See what I mean.  Asses like CarpeDonktum get this going https://t.co/w4j7V43FIc,Normal
@azharyadi,Normal
"Dalam waktu lima tahun menjabat sebagai Wakil Presiden, perusahaannya makin gemilang. https://t.co/nSUiUfvb7K",Normal
"Ustedes realmente se dieron cuenta de lo hermosa q era y ES Shakira? xdios esa mujer no es real, y como baila AAA me tiene babeada",Normal
RT @4theloveofTex: Idk who needs to hear this but THERES NO SUCH THING AS A LASH TECHNICIAN CERTIFICATION lol,Normal
Ai fiquei em sociologia POR 1 PONTO PORRA,Normal
"the pass by Ryan Johansen was sick, the finish by Kevin Fiala was even better, what a snipe!",Normal
Queria ser tudo isso o que os outros falam de mim  (OBS: Coisas Boas ),Normal
"RT @HaitianGoddessx: My goal for 2019 is to never let my bank account go below $1,000.",Normal
RT @thedailybeast: Report: Over 150 companies had special Facebook data access https://t.co/hKvmZyOZNo,Normal
@WhosHankRearden Del minarquismo?,Normal
"Stupid icing, Beagle loses face off, Hutton screens Nilsson, Nilsson lets in bad goal.",Hateful/Abusive
halo,Normal
imy but idc idc idc idc & fuck u,Hateful/Abusive
RT @creoengallardo: Hace 10 dias de esto bostero culo roto https://t.co/sFif18nDyn,Normal
RT @RevertChris: https://t.co/Fo8qa5VBHZ,Normal
healed,Normal
pq to a nada https://t.co/rgJ7S9tp7b,Normal
RT @sawngbyrd28: At least the floor I sleep on ain't at the Marta Station with your vagrant ass. https://t.co/Lk0ERmlJk2,Hateful/Abusive
@PreetBharara @StevieVanZandt Sils the best,Normal
@bret_banks https://t.co/KTpEMvmjMh,Normal
@RussellSeas https://t.co/GE2wMB73JD,Normal
Vou jantar dnv q fomeeeeeeee,Normal
@isa_dcosta Desde quando oshhhhh,Normal
RT @333333333433333: this is the only thing i wrote this year that im recirculating! https://t.co/eB2ppkWm2u,Normal
RT @trevor1271: https://t.co/YG7GbunMQP,Normal
"RT @1Fetish2Many: this is frank, frank is fat https://t.co/kt4zXhpUzr",Normal
RT @catsfolder: OMG. https://t.co/0efp8cSkMQ,Normal
RT @NatGeoMontesDeO: Bella noche de Luna en Xalapa. https://t.co/p5RHaZ6eEG,Normal
"RT @StarCinema: \"Si Maymay, kahit umiiyak, maganda pa rin!\" says Edward. Read full story: https://t.co/sEvq4UICr5",Normal
@enebomb Certeza q ficou top,Normal
**pulutan jsq,Normal
"RT @ElViejoGede: Cigarro: te da cancer
Citeagarro: te desnudo me tenes creisi bb",Normal
"#ottawa, #ottawacock, #daddy, #ottawadaddy, #fleshlight, #bigdcdnguy https://t.co/XhnhWhE5i2",Normal
https://t.co/7VFExvXXqh,Normal
RT @cornulda: cuando sabes que te esta mintiendo pero te haces que lo escuchas https://t.co/xt5ZuPKauW,Normal
@SoledadMontoyaM Etc. Past is gone,Normal
RT @pewdiepie: RT if you're against everything this dumbass teacher is saying. https://t.co/VpevlwVgAu,Normal
@WellBuiltStyle Somebody needs this.,Normal
"We thank sameer for registering as #B+ blood donor in #Dakshin Kannada, #Karnataka  #Friends2Support",Normal
@serena_pokeXY Such a GOAT scene,Normal
"OMEGA
FUCKING
LUL",Hateful/Abusive
RT @rhysr0mero: retweet or bad luck lol https://t.co/B5CzZlfxre,Normal
New Story: Girls Varsity Basketball beats Montrose 52 - 15 https://t.co/aY2FmkoklE,Normal
@brbyycip sudah lihat belum?,Normal
RT @ilovetatuagem: https://t.co/1mOd3E1Aca,Normal
RT @stabbyloki: out of boredom i decided to scan a stuffed shark. here are the results. https://t.co/QGGujkp0vC,Normal
@marreana ficou zika d+++,Normal
"RT @_klov3r: https://t.co/RnJVRELoYj
https://t.co/Esl1JYSmzF twt https://t.co/2Hcw5yPbdf",Normal
RT @Camiivargas02: Ak esperando un mensaje tuyo k no va a llegar jaja,Normal
RT @yeolgravy: UNPOPULAR OPINION: hot chocolate is better than coffee,Normal
@AmHariharan @ConnemaraB @Kamal1988UHK @kaadhale_aadhal https://t.co/5anKfGibKp,Normal
@cutemimocos https://t.co/bS7Ss8Hytq,Normal
skuuu,Normal
RT @AbhiCha15447840: @Bhuvneshwarisr1 Sreesanth is a great #BB12 #BB12onVoot,Normal
Colombia honra a los migrantes venezolanos con fotos de esperanza https://t.co/rTEWZaQCz2\',Normal
RT @eulorenso: Sdds de quando tinha KFC no shopping,Normal
Charlie Puth - One Call Away,Normal
@noreen_shoop https://t.co/YTm5iCcHUf,Normal
RT @Azu_Azukiii: https://t.co/BJCWJTTMUb,Normal
@IvoBianquiman @Ineebetio Ahah me gusta amigo que los tengss con la mira,Normal
RT @MarciMarra: Leadership is not a title. It is a behavior. Live it! #Leadership,Normal
Not really a gift if yall have an active sex life that's like same shit different day,Hateful/Abusive
@Complex BC white people.,Normal
@emilyyy_aileen @Laulovescows https://t.co/UU1XgaHwe4,Normal
manda foto de pijama com cabelo molhado,Normal
RT @shicocku: i wont ever get over kakashi in the hospital fit https://t.co/u6UevuodZL,Normal
RT @naelsxo: my New Years kiss is gonna be a shot of tequila,Normal
@IamShainaJaye Girllllll,Normal
Haha love Roussel,Normal
@SahibaB22622422 Oops,Normal
my mom found my lighter outside and threw it at me today,Normal
RT @RobustEnigma: @TC_Cooper10 @codyloveTTP TRUST THE PROCESS https://t.co/xmuDlcHVtY,Normal
"@FantasyAdvice99 0.5 ppr: need to pick 2 between Dalvin cook, Marlon Mack & Tarik Cohen. Zeke is my RB1",Normal
RT @PLAYMFSUB: #PTL Followan rt jfb. Peka dn! -Seje,Hateful/Abusive
@ArantesEP Faz mais sentido... Ambos tem a mesma finalidade,Normal
"RT @Ehdneth13: If you find happiness, people may be jealous. Be happy anyway. Mother Teresa

#ALDUBNationLimitless",Normal
"RT @EnajKn: Lord, thank you. 

#PlayHouseTheUnexpected",Normal
#SmashBros kirby is cute https://t.co/OBT3aOW36q,Normal
@xLalq_ @tomato_of_fuck @AlcieL_nt https://t.co/d0G10t7JnC,Normal
https://t.co/QeYQlwgSFz,Normal
Como se nota que @todonoticias tiene que garpar el Aguinaldo...,Normal
https://t.co/bg7Kom31uH,Normal
@HighDistortion $201,Normal
RT @jasminee_coyle: Please retweet https://t.co/5DqfcO7DcF,Normal
RT @OpulentFuture_x: Looking stupid. https://t.co/y1rGLinG4c,Hateful/Abusive
"Shit, tell me about it",Hateful/Abusive
@popstar_polls @MarianaPaolaGu1 https://t.co/CbAH6cyoem,Normal
nennir ehv ad kenna mer ad synda,Normal
RT @Riik_b: Curtindo no com com a formada  @Dienefer_Brito e @Esthefinha45 @Hpolliqueiss @wgnrns,Normal
Eres mi tesoro,Normal
RT @wallins219: Harlan County Black Bear Boys 66 Lee High (Va) 30. Final score.,Normal
@HeyTammyBruce @TuckerCarlson Merry Christmas Tammy!,Normal
