@TatianaaaAlves Na perf a espera das 4:00,Normal
Preparing to see wicked_musical with coco_chen2018 @ Gershwin Theater https://t.co/ampUsx7r1E,Normal
RT @MicaChambrone: Adoro los finales felices https://t.co/KN43PJIi9b,Normal
Bro ada sehat?,Normal
stay chill,Normal
@PoliticalShort @AsheSchow Congratulations to both of you! God bless!,Normal
@SoyDrGarcia @Jeskaze @davidCalonge3 @pilar_rod @olgercohen @k_ibarguen Y eso que odia a la policia https://t.co/BNWw8GxaM8,Normal
@Icayyy17 https://t.co/r3OSZIVx34,Normal
@RiGy2004 The sound of my balls slapping on your moms face,Normal
RT @DavionOfCourse: @RollingStone *stares bumboclaatly in confusion*,Normal
@arifffauzannn Tak sedap tu kott hahahaha. First time beli ke tu ?,Normal
RT @zarithssofea: When your bf sends a cute picx of him https://t.co/DPfu5Jxlx8,Normal
Juro te amar por toda minha vida,Normal
Musk is in business of government contracting after all,Normal
"@SabaIbrahim13 @BiggBoss @ColorsTV @EndemolShineIND @ms_dipika They exposed themselves 
They showed their true colors 
Not dipika #Dipstars",Normal
https://t.co/wPzo2dpNmr,Normal
RT @BienSur_JeTaime: Lmaooooo even the little girl knew https://t.co/4ZIAA2VUAU,Normal
https://t.co/AQAyuWIFMk,Normal
"RT @flandivar: \"Cuba, Cuba, Cuba / el pueblo te saluda\". Uds sigan cantando, eh. https://t.co/1eenZD07G0",Normal
RT @CharCherette: if you see me drinking an iced coffee while having an anxiety attack mind ur business,Normal
you act like i have no class,Normal
RT @brownsugalesbo: That look like Shannon sharpe on the left https://t.co/QTGRHi4w3S,Normal
RT @jarrettstod: date someone that can party with your friends and have dinner with your parents,Normal
RT @Seiko02729638: @Iam_AjithVickyT @Ajithpandi @menongautham Indha madhan kudhi varlaru padam paaka sollu,Normal
RT @PastorDScott: Big Chuck Grassley stepping up to the plate BIG Time for the #FirstStepAct Prison and Criminal Justice Reform Bill!,Normal
@ObongRoviel Owk.... Does this even happen?,Normal
fernanda kkkkkkkk,Normal
"@RT_com Peace Treaties always benefited the American Indians, LMAO. https://t.co/bPxL3SdJoF",Normal
Silly Cat https://t.co/EZRGfUgwGX https://t.co/RWLbXgQZ1s,Normal
"RT @PRIYACHANEL: whatever I say, he do it",Normal
To sabendo nem conversa no wapp mais,Normal
@g_mello23 ai credo,Normal
@WaikiLaRosa @AddisPGarcia Yo si,Normal
https://t.co/ipWS8N4bdK,Normal
fazendo aquela limpa marota no face,Normal
RT @biigfava: @trappinoutjayy oh ya bruva 10toesdown but you better watch her like how she had eyes on you,Normal
@YAMABUKl spill the tee,Normal
"RT @AUTOMNFS: /am/ sedang upfoll. ayo rt, harus jfb tapi.",Normal
"RT @fIuffjeons: guys
 https://t.co/ByxZ8VaKlB",Normal
"@foxieniel sama nih new myday juga :\")",Normal
RT @dannykanell: Me vs. anyone who doesn't want to go to an 8-team playoff... https://t.co/ImIbHnGOu5,Normal
@SenKamalaHarris So sad.,Normal
"Peep Ruby In The Sky (Freestyle) by yours truly, on #Spotify  https://t.co/yo5PNC9bzW",Normal
RT @nobrosmo: Corn dogs come on a wooden stick... Tell her to slow the fuck down when she eating https://t.co/9u67Rubj9V,Hateful/Abusive
#NewProfilePic https://t.co/8KZKy85W2g,Normal
RT @uglykao: My GRIS fanart :D https://t.co/PmxCDe7Nqx,Normal
RT @ttunntold: Que es esta falta de respeto Kim Taehyung? https://t.co/RqF7wttsA5,Normal
RT @chuusmiles: Only people that want Yves to kick them off a building can rt this,Normal
@Moojenowski Winner!,Normal
RT @FraRocanroleras: No me vengas a hablar de dolor si nunca lloraste antes de dormir porque pensaste que no eras suficiente para alguien,Normal
@Cacaloooy Nganong nangita mag lain bi,Normal
"I Love You still, I always will",Normal
RT @chon_slp: A girl like this instead of a girl that talks about wanting a narco bf https://t.co/T9O6iKOKDF,Normal
"@biggunsdesign you just need to work on obtaining proper synergy, closing the loop, and then securing your stakeholders.",Normal
@tebuzaz Sama.,Normal
Acabei de chegar em casa !!,Normal
@stace_ofbase And we thought the Golden Knights franchise got off to a strong start....,Normal
RT @Torique10: She did not just lick his neck... https://t.co/S2P599KKFR,Normal
@steelers Put an L for your next game,Normal
RT @ColBolivariana: #TerrorEnNavidad https://t.co/z8EPA1ncBY,Normal
"So, what happened to the boundless tweet?",Normal
RT @SexFactsOfLife: screaming at the top of my lungs https://t.co/RSjyTc31ts,Normal
#igt #igtcrypto #igt_crypto #blockchain #exchange #bitcoin,Normal
yess pls sis,Normal
RT @dynarla: I dont wanna question my worth anymore,Normal
RT @joptr06: https://t.co/1FX1He8Fzs,Normal
"RT @QUESOFRESCHOE: this, this is what i want my grad pics to look like https://t.co/oLGo8QN9af",Normal
@LauraJozami urgente @EstoNuncaPaso,Normal
@Izzyken you're so hot oof,Normal
Bron bron pran balle,Normal
"@remarkablepml uh
i

okay https://t.co/KaYx6fMfhD",Normal
RT @cornulda: cuando todos mis amores de la infancia se casaron menos el https://t.co/Islb5BmECu,Normal
".
Na Raees Hun Na Ameer Hgl

Na Men Badshah Na Wazeer Hun

DAR-E-MUSTAFA Hy Meri Saltanat

Usi Saltanat Ka Main Faqeer Hun",Normal
@dkneec LOL!,Normal
she is so EXTRA I love her so much https://t.co/2USMHGSHaS,Normal
ferrou,Normal
"Admin Twit with by selenium autotests
ae58eab3-86d6-4c56-965e-a4b74836b73a",Normal
@Cult_NtrFan anduke best use fogg,Normal
Valley of the kings @ Valley of the Kings https://t.co/OlJEkXd1H9,Normal
0800 https://t.co/XjN2QYE6el,Normal
@Ganga_frfc @Kai_frfc Ik sla ff over als jullie het niet erg vinden haha,Normal
RT @antoniiogarza21: my only talent is being able to cry for no reason at any time,Normal
ah ganon,Normal
@marvisirmed @MubashirZaidi https://t.co/ypFvwgzeps,Normal
RT @RezaDaRoof: This is how Lil Sebastian greets you in heaven https://t.co/gEQlAldrfF,Normal
BAILA MERYFACU AL 44644,Normal
https://t.co/lrlEA6uYRS Congratulations to the new PISAY scholars. https://t.co/lrlEA6uYRS,Normal
RT @SMTOWNGLOBAL: https://t.co/Mr4EPkRxgZ,Normal
@Aciest @AdvanceforFree @Bohiv_ @Hulted_ @notKeden Your son is fat how do you feel,Normal
RT @localnimo: angelina jolie when she see a nigga under 10  https://t.co/QLzzvi1wNe,Hateful/Abusive
"Fui ligar o ar e lembrei daquele fds, daquele perdido cntg",Normal
Video games give me anxiety,Normal
RT @betomartinez18: Numero 11 from LatinLeche.  SEE MORE HERE:  https://t.co/K0unAstyoE https://t.co/g3a5ZFfDYN,Normal
RT @GraciaAlabarse: Los veranos unen o separan pero nunca dejan nada como estaba,Normal
why is this actually @miasmithh0,Normal
This forever a vibe yo @torylanez https://t.co/E1oYbHtFTI,Normal
@shxhxua galaw,Normal
RT @KGordonGlobalBC: Your #WeatherWindow for tonight! #Weather #BC https://t.co/FxnffDsCaf,Normal
"RT @itsaustonpugh: My brain cells really be out here like

          . 

                                                   .",Normal
RT @TitusAndro18: Ribamar G. https://t.co/rgRakVkimZ,Normal
RT @IngrahamAngle: Trump 'Absolutely' Should Veto Bill with No Border Wall Funding https://t.co/nBqbIaR72k,Normal
"@dairkwild nao tenho \"/",Normal
"@Miker720 @Bruntonj8Jeff @AlanDersh he didn't text that. he typed it in twitter. 

Smocking hot take, though. Do you live on the Boarder?",Normal
So I just watched their game cam??? Uhm wtf Mr. PARK JEONGWOO is so damn funny and talkative??? Their mafia game is so funny to watch.,Normal
"Dear Santa, I have been relatively good this year and here is my Christmas list:",Normal
"I have so much hate in my heart for all the men who have wronged me. Like thank u, next. But also fuck u, bitch.",Hateful/Abusive
Curse of D'Sparil - Level/Niveau 3: https://t.co/4cclQUR2FP via @YouTube,Normal
"RT @YawKING_: \"How i was almost raped by this guy

Thread\" https://t.co/JE6d3hAPGK",Normal
@SixBrownChicks Be faithful to her? https://t.co/1hkPXselyD,Normal
RT @124Bread: Just wanna stack it & make sure my family good,Normal
Someone come over and drink tequila with me lol,Normal
https://t.co/0njVFNaF8J,Normal
https://t.co/rwPd4HRTC8,Normal
@ifavwoo toma um xarope que passa,Normal
@yut339753 hola,Normal
"la semana que viene es navidad, wtf en que momento?",Normal
"preciso de um bar, de uma conversa boa, sla, me apegar a outras pessoas.",Normal
i cant do anything right,Normal
keep getting the urge to NOT goto work,Normal
RT @Madrugadao____: quando ficam encostando em mim https://t.co/UklXB0HUP8,Normal
RT @Noahpinion: Totally made-up number. https://t.co/8moMdxN8dB,Normal
RT @OrgPhysics: The full rotation of the Moon as seen by NASA's Lunar Reconnaissance Orbiter https://t.co/Us9JBAhzK0,Normal
@kinkychws i know one good example of bigroom is w&w but then i can't truly tell both apart,Normal
https://t.co/oEcceT1ZCM,Normal
RT @HPJArt: laker depth issues on display. bron 2 day stay in NY https://t.co/JSFLXsoYFK,Normal
RT @TheAliceLittle: Comment your gif reaction if you woke up next to me! https://t.co/CMtySH9DAV,Normal
Sobra,Normal
Membosankan. https://t.co/JiGMXYIEsP,Normal
"RT @MamaKissables: Pasko na sinta koooo, hanap hanap kitaaaa... #PlayHouseTheUnexpected
#DonKiss 
@KissesDelavin__",Normal
Update i miss cas fight me thots,Normal
@RocioBorth Te falto yo,Normal
Hay que atarse,Normal
"Pia - Taming bala walk
Catriona - lava walk
Ikaw - pawalk",Normal
@religionvkook gabaritei,Normal
RT @followbacksen: Set of Vintage Mid Century Modern Russell Woodard Fiberglass Chairs https://t.co/fxf5rxu75u https://t.co/unSuVT5oQ1,Normal
Obrigada. Deu trabalho.,Normal
@SamanthaJo_02 Thanks girl!,Normal
@Jailil2x Yb is buns dawg,Normal
@MissRockera 40,Normal
RT @shreyaghoshal: Beautifully done Abhay. I also love the way you have sung #MeraNaamTu. Many congratulations! https://t.co/rDlO9fKxIQ,Normal
RT @xthds: https://t.co/YHIkepVIZD,Normal
https://t.co/fHket65uWX,Normal
RT @JakeAnt29: RT for JoshLia!  #NAKBagongBuhay https://t.co/eOG2wa1x4v,Normal
@ybertolinnn @ygor_bertolin Obrigada pela parte q me toca kkkkkkk,Normal
@SebGorka Great question.,Normal
"RT @WAVESGOD: Me:

Porn site ad: Lonely with a small cock???

Me:  https://t.co/RgRpVi8RaP",Normal
RT @cilvanis: This is the type of shit that YouTube recommends for me lol https://t.co/0XPOpDAftc,Hateful/Abusive
bicho pior que parece mesmo,Normal
@hydra1216 @pasutapasutaTE @kanzakisuiren https://t.co/fZxiTt4CyD,Normal
Latest #Stornoway Precip Radar Plot @lccuhi by @eddy_weather More info & explanation: https://t.co/4nQCntAcgx https://t.co/BFMQoCR8T7,Normal
Remember when #FruitNinja was a huge game?,Normal
I don't know if you worth it.,Normal
"@DABxTEAM situ sapa? minta sama pabrik tahu gih.

-capt.",Normal
"Jones you are an absolute enigma, man",Normal
"RT @tom_on_here: Getting legit pissed off now, what kind of freak brain thinks of this shit https://t.co/rIsbdUFpe7",Hateful/Abusive
@defi_ciente @airaMariae Nem pra isso o Miguel serve,Normal
outro amigo pra conta,Normal
@Gabochanchi https://t.co/3kdeEWfUSK,Normal
https://t.co/tM2zzChO29,Normal
"Jason Garrett: Cowboys need mental toughness, not humility https://t.co/uzeZ3AKbwA https://t.co/pmvC1DqhaP",Normal
@SuperSportTV Conte,Normal
"RT @SoulLalita: Si gana jimena el bailando es por acomodo estamos todas de acuerdo no?

BAILA MERYFACU 44644 (Ella no te baja los brazos).",Normal
"RT @Twetbijak: Jika bukan aku yang tegas membela diriku untuk memajukan kebahagianku sendiri, siapa lagi?",Normal
@dunsticks :(,Normal
JAJAJAJAJAJAJAJAJA NO ENTIENDO,Normal
RT @propagan7a: Dalam satu tongkrongan ada aja satu temen yang anjing https://t.co/DOxQaHFd7T,Normal
RT @stivencuevas_: Unas ganas de un cuarto de mora,Normal
RT @ultseul: yes at 5'11 you are like the world tree of norse mythology https://t.co/zUoOzkoCcZ,Normal
RT @AuthorKimberley: Yes. https://t.co/xZEEkHFT49,Normal
RT @moonchildoyoung: Sleep on beds not on Dong Sicheng,Normal
"RT @onlydree1: Ion fw nobody, I fw myself and I mind my business 24/7",Normal
RT @milkygoddess: anyways if u have a crush on me ur probably lying,Normal
RT @PicturesFoIder: https://t.co/NZga473EAC,Normal
"RT @Youngrapgawd: me w. my new nigga since my old nigga thought it was a game

https://t.co/268FTrbC3Q",Hateful/Abusive
"F46B82D8 :Battle ID
I need backup!
Lvl 60 Voracicat
https://t.co/0l85NvDAzb",Normal
"RT @_LetMeRock: Slaves: You sure this the right way?

Harriet Tubman: https://t.co/I68UQxs2Fj",Normal
?,Normal
@anarvmartinho hiiiiiiiiiiiiiiiiiiiii,Normal
RT @thabrowndoll: FUCK YALL...WOMEN DO APOLOGIZE AND TAKE ACCOUNTABILITY...,Hateful/Abusive
"RT @_LetMeRock: Slaves: You sure this the right way?

Harriet Tubman: https://t.co/I68UQxs2Fj",Normal
"@Syfqhhsmadi yes ,you can do it baby!",Normal
RT @hofelmon: https://t.co/UJ8VTtNnmj,Normal
"That's #BlackGayTwitter, full stop. Ain't no differentiation's, bih. Lmfao.",Normal
RT @Lilblackbabies: https://t.co/VD28gbW48Z,Normal
RT @DSSaeron: hi twinnieq https://t.co/lEtxT0ONBY,Normal
RT @DSSaeron: hi twinnieq https://t.co/lEtxT0ONBY,Normal
"RT @nanidlot: kamu sedih banget gitu kayak baru pertama kali gagal aja. bangkit, dong!",Normal
RT @jennievantes: JENNIE KLJASDJALKDJAKLSJDKLAS https://t.co/6tPc6jkPen,Normal
@XpedroXis sim,Normal
how are you trying to make yourself superior looking down at other people but reply like a whole ass 9 year old,Normal
RT @houston_trill98: Girls watching their shower water run https://t.co/wvw2Iq50QE,Normal
el de ser emo y tener trastorno depresivo ahre,Normal
@_trendsmicaela T.  AMO SER MICAELISTX,Normal
@MrBossFTW Catto!!!,Normal
RT @ericgarland: THE MOBSTER TREASON MONEY LAUNDERING PARTY IS COMING TO AN END https://t.co/SPwTHSwugd,Normal
@MayaSynn Wow !  fantastic !,Normal
@tvxqartista sera q ele tava com dor nas costas ai fez isso???????,Normal
@bacon_jaxon So proud of you,Normal
Miscreated: Official 1.0 Launch Trailer https://t.co/C3HQG8GhPA via @YouTube,Normal
RT @spottx_: se puede ser tan sorete en la vida? claramente se puede https://t.co/Ajg8LpFOsj,Normal
@jiministrolo escupi todo,Normal
Gordo hijo de re mil puta!!! Nunca te banque chabon y sos la nueva mufa mundial,Normal
RT @MothershipSG: When you angry at work but need the job https://t.co/CI235KaDig,Normal
How do I use cannabis for severe chronic pain? | #illegallyhealed https://t.co/NPUzKdbBrY via @illegallyhealed,Normal
eu queria estar beijando o problema,Normal
"#NP  \"MO REALA\"       @zaytovenbeatz  @258Radio @258Mafia  https://t.co/Y1jZHWkIFP",Normal
RT immigii #VideoMTV18del18 Lady Gaga,Normal
It is 03:26 UTC now,Normal
"RT @Godly_Life: Jesus said, \"For mortals it is impossible, but for God all things are possible. -Mat 19:26",Normal
@beckerdee_ ?,Normal
@SiegecraftMR2 @iRacing Trying my luck in this race too. This track is kinda fun,Normal
Just the one new follower today found welcome tracked by https://t.co/JUEnwWFdiN,Normal
RT @snuggle888: https://t.co/5E7VZhYg1q,Normal
RT @sofff1a: mas ganas d cojer q d vivir,Normal
"RT @MirrorFootball: Ole Gunnar Solskjaer in talks to become next Man Utd manager
https://t.co/gTMzAOvU9B https://t.co/NNZDq9kL0U",Normal
@ruthIessanna @P1nkD3vil https://t.co/4ExiUO7ozQ,Normal
RT @OLIVER_PECKer: Damn !!! This shit is intense !!! @inkmaster,Hateful/Abusive
RT @MartinaGene: soy experta en relacionarme con pelotudos,Normal
RT @chikuchikusuru: https://t.co/6kE5Njwa3a,Normal
"RT @m1chhhael: If I convinced my Hispanic mother to let me get piercings at the age of 16, I can do anything",Normal
RT @Khunnie0624: = ] https://t.co/8cUK0n1ZUi,Normal
Fuck this article and fuck you if you agree.,Hateful/Abusive
3450...,Normal
Sos una roba novios ajajjajajajajaj,Normal
ACL on the other side of the shop,Normal
No empezaron las Fiestas y ya estoy saturada. HARTA https://t.co/IZ867tfTyr,Normal
@dynamictae I literally had just woke up when I replied to you https://t.co/y3EVSknxt1,Normal
@gabriel51598418 Mitirozo,Normal
Holi https://t.co/0fAnEFtBgl,Normal
RT @para_brisa: lua em touro estou dengosa em sigilo,Normal
"@ManeelT157 oi, quero ser seu amiguinho",Normal
RT @Saarloos_: #NoMansSky #PS4share @NoMansPics https://t.co/mPrDCTqvUb,Normal
Defensively or Offensively ?,Normal
RT @Ordurebizarre00: https://t.co/4nCyWtNM5x,Normal
@Zygardingyou I saw lol,Normal
I low key want a boyfriend but I also low key hate talking to people,Normal
1 pessoa acaba de visitar seu perfil https://t.co/fH9AxLy0OO,Normal
"RT @Shanknaad: It was you who voted for congress. 
Dogla aadmi dekho dogla aadmi dekho https://t.co/fjCB0S2LPL",Normal
RT @Letslookforisa: I will literally drive to my sisters house get a makeup wipe but be too lazy to get a pack at the store lmao,Normal
@_avagraham https://t.co/UG6S092qjV,Normal
RT Jeff_Strange #VideoMTV18del18 Lady Gaga Cardi B,Normal
"B-BB Wethersfield 64, Morrison 50",Normal
@horrorbuns Niiiice! Let's see that keyboard!,Normal
RT @Khunnie0624: = ] https://t.co/8cUK0n1ZUi,Normal
@_PureWaifu2 @NahuelArmesto16 @FachaPiola_ Aguante los fideos con banana frita y cebilla (!? ;OKEYNO;,Normal
RT @cuervotinelli: Divinos @baronjimena y @caiazza_mauro . Semifinal #Bailando2018 https://t.co/iRw4rGbNqM,Normal
@brittanyrennerr we should be real life friends yo! I think we have hella keys for each other lol,Normal
RT @vanjess: The lyrics hit different when you can relate.,Normal
Sabes una cosa te amo #18,Normal
"oogh finally changed my theme color from red, sorry if that hurt anybody's eyes :V",Normal
RT @NikitaDragun: mind ur own business 2019,Normal
@EXOhsted  hindi ean nukebe HAHAHAHA,Normal
Check out this event in #GranblueFantasy! https://t.co/uRmXXKKDas https://t.co/BzM4SvMA7V,Normal
RT @ImTheeBrock: The fact that I procrastinate and still get the job done is the reason I still procrastinate,Normal
consegui achar o user,Normal
RT @JanhviUniverse: #JanhviKapoor Snapped at Netflix Screening https://t.co/iD2WY7EHR6,Normal
RT @DementeYT: AL FIN SOY MAYOR DE EDAD,Normal
"Hey Everyone, You can get free Robux from this website! https://t.co/dya6dtvd3Q",Normal
RT @bigboyscharame: I found out my nephew plays fortnite https://t.co/wb9HmTpqIY,Normal
@JDAROJR @ABC @realDonaldTrump Put down the KoolAid,Normal
@AVG_96GAYOUNG iya baru bangun td tuh .,Normal
https://t.co/iO6UhqwId3 https://t.co/V9LFu8vRl6,Normal
The kind of girlfriend i want in this life https://t.co/PIVUJdKjgE,Normal
@AgussJofre Que no jajajajaja,Normal
@ceo_liz Facts,Normal
RT @partygirlu2: the prettiest master of the mystic arts https://t.co/KCUhbIiJKq,Normal
@junct00 Manggil aja,Normal
RT @dognkitty: This Pitbull gave birth and she put all of her puppies in her owners lap  https://t.co/fur8bDxisV,Normal
"RT @ops_sampaio2: quem se afastou, continue afastado por favor",Normal
"RT @SanicGTGF: \"You guys wanna hear sicko mode or mo bamba\" https://t.co/bCdJWjzyFU",Normal
How do u buy Christmas presents for people u care about when u are broke?? Asking for a friend,Normal
RT @D0lceshell: Hoy me desborda el alma por los dedos y es que quiero escribirte todo el amor que no puedo hacerte.,Normal
rsrs,Normal
"RT @AchiBaricalla: Si no gana Jimena, prendan fuego todo",Normal
RT @JungPring: tag:mind control https://t.co/yZF9LRi3vl,Normal
RT ersinsiyhan #VideoMTV18del18 Lady Gaga,Normal
"Sith Apprentices , How Good ?",Normal
Toda la gente que hace encuestas en IG me estan salvando las noches. Gracias,Normal
Jsjsjs azul te odio,Normal
"RT @Machaizelli: 2019 is gonna be weird, I think we all can feel it",Normal
@PassTheSalty Theres always the Trump toilet brush,Normal
@Trance1TV pho is actually so good,Normal
Last week,Normal
RT @AllThatandMoore: How Breakfast Club interviews be https://t.co/nis97F7vGX,Normal
RT @NiaLovelis: @caIumsrhapsody cancers are legit one of the best signs,Normal
RT @wakeupcrying: fucking white boys is a form of self harm,Hateful/Abusive
RT @IsabelaaFreitas: eu falo mt de signo as vzs fico com vergonha de mim mesma,Normal
"@Clyde_exe @BandaiNamcoUS I though Chad was Yamcha.

Because I at least remember Renji beating Mask De Masculine in the final arc.",Normal
"RT @joevardon: This is something. On consecutive possessions, Larry Nance called off Sexton and brought the ball up the court himself",Normal
RT @sendarianahugs: loml https://t.co/3bYBRuCrDC,Normal
RT @Juan75145313: Hagamosle sentir que la vamos a seguir x siempre!! AMO SER MICAELISTX,Normal
RT @houston_trill98: Girls watching their shower water run https://t.co/wvw2Iq50QE,Normal
RT @bpdisband: BXKSXNSNN??.? https://t.co/NymQUvg1O7,Normal
"@_eonardo nunca fala vagabubda 

oito tweets falando vagabunda",Normal
@whisperjosephh I thought that was a tattoo??,Normal
RT @IceCreamEaterrr: Mmmm this aint it https://t.co/o28jKwW3sB,Normal
callate varon de mierda anda a grabar soy luna,Normal
https://t.co/Htt4PjFhhL,Normal
https://t.co/fzFfhvWRTA,Normal
RT ersinsiyhan #VideoMTV18del18 Lady Gaga,Normal
Smh,Normal
"RT @SirGL1TCH: -vc viu que vazou filme aquaman?
-nao, manda o link... https://t.co/d2GspIJPK8",Normal
RT @DANYD8: #Bailando2018 no lo veo casi nunca pero hoy no quiero que siga @baronjimena si vos tampoco hace RT,Normal
RT @andreliftss: This how we all gonna die https://t.co/YsRHhGHfra,Normal
It is 04:22 CET now,Normal
Great things come from simple ideas. https://t.co/9BiT3O2h2P,Normal
Help me #best_cat_6324837,Normal
@LibanLDN @AfroDeeZiach,Normal
RT @shotuptheschooI: The shit I have to deal with. DO NOT ACT LIKE THIS GUY! PLEASE! https://t.co/eVX60H64Rc,Hateful/Abusive
RT @StillHighDoe: Rt if you want a Gusher Blunt. https://t.co/WIWx8yzGjJ,Normal
@JuddLegum Neither would Charlie Manson so there's your level of commitment.,Normal
"Aku mau jual slogan ong tapi preloved, ada yang berminat kah?? https://t.co/vb0tuwtXRn",Normal
Di que me prefieres,Normal
"RT @EvolucionUV: ES AHORA EN EL CORTE LA DIFERENCIA YAAAAAA MANDEN. 

BAILA MERYFACU AL 44644",Normal
@realDonaldTrump @MarthaMcSally @dougducey Fuck you,Hateful/Abusive
"Akunya serius, kamunya engga..

Yaaah dasar noob!",Normal
@bekyume Tes,Normal
essa dor na coluna ta foda cheguei no auge da velhice,Normal
RT @mercurysbicycle: Me pretending to play the piano while listening to Bohemian Rhapsody https://t.co/XxGoyduMPM,Normal
RT @devrollme12: what da fuck https://t.co/UIk6lFMsEc,Hateful/Abusive
"RT @bts_bighit: #BTS WORLD TOUR <LOVE YOURSELF IN SEOUL> Official Trailer
https://t.co/RMoMbreTkb
(https://t.co/aUYt8bllcR)",Normal
@oadreano por isso estou online,Normal
"@6ngry hi, jake. i'm rose. jk. but hey for real.",Normal
Shawnee powers past Perry https://t.co/19xmKbd5ZZ https://t.co/YinDwuwZJL,Normal
Yoongi is a fine ass man https://t.co/KDmU58eIjz,Hateful/Abusive
Posting pictures of Mack on Instagram after his bath. He had a seizure today and got a  little poopy. https://t.co/oV7eAooxS5,Normal
"Teatrikal Musikal \"Kemenkeu\"  19 Des 2018 on TVRI https://t.co/nDVon5V4DI",Normal
"RT @TriippieRedd: you ever look at someone and think damn, you not even you anymore",Normal
DO not cry for Michael Flynn as he acted in a singularly stupid manner thus deserves to have his arse nailed to the wall #FlynnSentencing,Hateful/Abusive
Me saque una foto en ropa interiorrrr que verguenza me.daa dios miooo,Normal
RT @HuffPost: Here are some small ways you can help when someone you love is experiencing depression. https://t.co/lclz2yBedt,Normal
"Beat:K3, LIQUOR VIOLATION - INTOXICATED PERSON at 3XX BLOCK OF 2 AV S reported on 12/18/2018 7:00 PM, Call# 18000471952",Normal
RT @Isabella2101_: Odeio ir dormir chorando,Normal
We're burning down the highway skyline on the back of a hurricane that started turning when you were young. -The Killers,Normal
RT @winsbian: i'm never beefing with white women again https://t.co/RaXY7D6LrO,Normal
algo hermoso de ti:que cuando te mando algo siempre me respondes y haces simularlo como si fuera algo pacifico,Normal
@analisamankilla Tis the season,Normal
@pledis_17jp im broke,Normal
RT @Quiroga12_: Jajaajjajsjsjdbdjdbdjdbdjdd como vas a perder contra Al Ain en el mundial de clubes,Normal
"@Sasuke_ryuzaki @BosniaSarajevo @Jesus_ZambranoG Zambrano, otro canaya, canayin?",Normal
RT @dayydreem: Hereditary (2018) https://t.co/Y7Wz7tUfTg,Normal
@mrcnae Ayo gas terus,Normal
RT @ml_gonzalez: https://t.co/mcVhpoBBeA,Normal
RT @sunnydayseulgi: https://t.co/heEeED6uFx,Normal
"RT @TomiGerez4: QUE ESTE NO SEA EL ULTIMO BAILE CARAJO, DALEEEEEEEE!!!!

BAILA MERYFACU AL 44644",Normal
"RT @SassyKadiK: Sarah Sanders is making almost 180k a year to have one 15 minute presser a month.
She is being paid $1000 a minute.",Normal
RT @Amusicalescape: @alyssamarino76 https://t.co/tIiScqUks3,Normal
RT @AllThatandMoore: How Breakfast Club interviews be https://t.co/nis97F7vGX,Normal
RT @nonstopcIout: short girls and thicc thighs>>>,Normal
RT @lanifeli_: I look at every ass that walks past https://t.co/XSAYOtpxVc,Hateful/Abusive
I added a video to a @YouTube playlist https://t.co/rPSEO6wYo9 Joe Rogan - Santa Claus Was a Mushroom!,Normal
RT @kiraboa: Chinese girl https://t.co/Rpj7R1o7r0,Normal
@Yaritza Jajajajajaj Yo necesito tener un valor asi de intenso,Normal
"RT @Asher_Wolf: This Christmas, why not give someone the very special gift of alcoholism? 

Spotted in Brighton https://t.co/MLwpXMQxD7",Normal
Just the one new follower today found welcome tracked by https://t.co/YtH7YyhASr,Normal
Every. Damn. Time.,Normal
"RT @ImTheeBrock: Do you ever leave ur phone for like an hour and expect to come back to like 40 texts but u get none
Yeah same",Normal
"RT @luvhyunsukie: i still cant believe yg didnt let this talent won :((
 https://t.co/Eie2vjcHaK",Normal
"#KoalisiPraBohong 
#01JokowiLagi 
#01IndonesiaMaju",Normal
RT @leticya_thay: fudendo na piscina https://t.co/JSnvUmSn59,Normal
@yurisbms2525 https://t.co/OO3qbVrsWo,Normal
tudo sobre controle,Normal
"RT @chicosabio_ok: Yo te remo todo lo que vos quieras, pero si somos varios en el bote, prefiero bajarme.",Normal
RT @itssDarwinn: What they saying? https://t.co/WGk8aghoiE,Normal
Neo-Nazi couple who named son Hitler get prison for terrorism ties - New York Post https://t.co/hj2guZcuNw,Normal
"RT @c00lcvnt: i haven't cried in a while, i think it's time",Normal
"RT @PatriotsSoapbox: ...wow.

SPREAD THIS.

Comey did not testify under oath.

AGAIN? https://t.co/QMUYgHQpwf",Normal
"La Mina es muy exagerada parece q no puede estar sola tan calienta es ,es todo para ser publicidad",Normal
"RT @aftwrharry: puro amor!!! 
#HappyBirthdayTessaYoung https://t.co/9mrYwTocnQ",Normal
RT @somieuy: @nagkofrm9 BUKAN GUE,Normal
RT @ValeQuiroga2001: Me muy aburro gsus,Normal
@RyanMaintain @Whiiizdom IW SND WAS GOOD. WW2 SND was bad,Normal
RT @lmPostMalone: telling a girl how important she is to you is one of the best things you can do for her.,Normal
@Pedru_Alves Mulherengo,Normal
RT @McFaul: Why did Flynn lie about his conversations with Kislyak?,Normal
@yungJcurls Finish and then leave them,Normal
"RT @rombutans: May nakita akong 100 php sa jacket ko.

SHET. IM. LIKE. SO. RICH.

Kamusta kayo mga aliping sagigilid?",Normal
Ill forever talk all the shit I want but is it about anyone specific ??? Hell Na. If the shoe fits TIE that bitch up and wear it,Hateful/Abusive
@giovannalobo22 poxa perfeita 1000 falhas,Normal
https://t.co/tzzofFuz5p,Normal
#NewProfilePic https://t.co/0ejoURX6mb,Normal
"RT @vanessitax16: Pay attention to the nigga that invests his time in you, any nigga can give u money but that time, time is priceless.",Hateful/Abusive
"RT @ILStatePolice: Just so we are clear...

It is illegal to drive a vehicle on the roadway while shooting up heroin.",Normal
RT @mindedvigna: @cuervotinelli @mery_delcerro @FacuMazzei BAILA MERYFACU AL 44644,Normal
"Oh look, a sar-chasm.",Normal
"RT @marchmadness: DO YOU BULL-IEVE IN THEM NOW?!

No. 14 Buffalo takes down Syracuse in the Carrier Dome! #UBhornsUP https://t.co/9ueA2262Cm",Normal
"RT @lmPostMalone: If I say I got you, I got you",Normal
@woingyukhei Gausah sok ganteng deh lo.,Normal
72-43 victory over Parkersburg! Great team win for the Chieftains! https://t.co/WmtOiDxexK,Normal
RT @koumegirl: oh my god https://t.co/7VKgXTg3K1,Normal
RT @Nevagaveafuc: DONT COME BACC TO ME when whoever made you fold on me FOLDS ON YOU,Normal
RT @adialogando: https://t.co/AKabnBS6lO,Normal
Dan sekarang semua username nya berubah jadi YoungK semua.  Wkwkwkwk.....  Kayak saudara kembaran gitu,Normal
"I fought, and lost, the good fight on this in my 20s.",Normal
Nigga Kev tweaking smh,Hateful/Abusive
"RT @joncoopertweets: Donald Trump might be the dumbest president the US has ever had 

#MoronTrump  https://t.co/plBlkOeDT3",Normal
fui fazer pipoca e acordei todo mundo kkkkkkai caralho,Normal
#NP HOT 3:16 - Quickie (Stutter) | Hot 316 Radio #1 For Christian Hip Hop and R&P,Normal
RT @karielysmcv: me siento tan sola,Normal
RT @PiedroCOMEDOR: @CarneMoidaTV @Kefera https://t.co/LUy3gjcUxJ,Normal
@OrdureBizarre0 @andresm29,Normal
@brenchuuu_ Jjajajjajajajajajajjajaja,Normal
YALL HEAR SUMN CAUSE J DJ,Normal
@ohmybeautybank Debeautyhouse udh 2x beli disitu,Normal
RT @shawnartpedro: y diganme que se siente gustarle a alguien???,Normal
RT @AntiSquares: SHAMONE. https://t.co/D1JpmkfJu4,Normal
@esmeraldakntng Ini ngomong apa :((( wkkw,Normal
RT @SDkulkarni87: Kamasutra way of Desi Fun AND Sex. https://t.co/Qxj5TTbxrn,Normal
"RT @favsscenes: Victorious, 2010 https://t.co/IQ9iMt0Tjb",Normal
Living for it,Normal
SWV x rain >>,Normal
I added a video to a @YouTube playlist https://t.co/2ODzTF8vLj Random HAUL | vlogmas day one,Normal
I added a video to a @YouTube playlist https://t.co/I42wKm81GB Subway Surfers The Animated Series - Episode 6 - Invention,Normal
not trying to be dramatic or anything but Greys Anatomy is literally ruining my life,Normal
I liked a @YouTube video https://t.co/fZhlEMkhFq Noisestorm - Crab Rave [Monstercat Release],Normal
"@foxieniel nonton jaesix di YouTube deh, ngakak asli",Normal
https://t.co/r2WqXdIEC0,Normal
@sportsmockery lo FLo balls to daFace,Normal
HELP!!! WHICH ONE???!!!???!! WHO SHOULD I CHANGE TO???,Normal
RT @OfficialWith1D2: IG || One of Nialls friend posted this back when they went on a holiday in Indonesia ! https://t.co/iZX0r6Tsxv,Normal
"After one week in Mexico I lost my chance of being Saint forever

Thank you MX, that was fun",Normal
@prbImtcfinn UN RE SAME,Normal
RT @lomiooos: spy https://t.co/VITjizjgsS,Normal
13 o 14 im not sure,Normal
RT @KSAbukhalid: https://t.co/XiHmUkozFm,Normal
"RT @tiniepaws: \"who's your bias?\"

me: https://t.co/v6Lb7DUnJc",Normal
RT @RegulateSocial: We need a vibrant national discussion on the appropriate regulation of technology platforms. https://t.co/k4td9bl9w9,Normal
RT @eliesaabb: https://t.co/udD9wOyzi1,Normal
RT @Emperatriz_Sab: I wish we could unmeet ppl,Normal
@ServidoresSky TENHO UM SONHO DE TER MINECRAFT ORIGINAL FULL ACESSO :C,Normal
RT @babysunchild: vamos juntar as armys solteiras pra ver se a gente acha a nossa outra metade,Normal
hayyys tatanga tanga ka na naman self,Normal
RT @shitegoblin: https://t.co/0cmANSMiLl,Normal
RT @damnVont: Another day another dollar,Normal
@NBCTheVoice @officialchevel @DanAndShay Wow,Normal
"@grentzeu Wish me luck, kuy mutualan^^",Normal
one person followed me // automatically checked by https://t.co/RdXql3dpgK,Normal
Yerp,Normal
RT @spittinchiclets: Gritty the Grinch https://t.co/WAyQ6dd3iC,Normal
@TechCrunch This article show no respect for reality,Normal
@catus0111 She is also my Angel....,Normal
"makasama lang kita, sobrang saya ko na.",Normal
"RT @Pogblah: Solskjaer should be coming in to replace Lukaku, not mourinho",Normal
#Hentai #ComunidadHentai https://t.co/0Z2A9x6hdQ,Normal
RT @Agustinromero__: https://t.co/cjiyWwlNM2,Normal
"RT @bayu_joo: resolusi 2019:

kaya raya
kaya raya
kaya raya
kaya raya
kaya raya
kaya raya
kaya raya
kaya raya
kaya raya
kaya raya
kaya raya",Normal
RT @tenacitysaho: (2/2) https://t.co/jAJI0VCLbf,Normal
i'll never love this way again :((,Normal
"Caraaalho, eu iria ser o cara mais feliz do mundo",Normal
@YaasMeel Por borracha,Normal
@5THCONSCIOUS The SNKRS app is a GOVERNMENT conspiracy,Normal
RT @cuervotinelli: Genios @mery_delcerro y @FacuMazzei . Semifinal #Bailando2018 https://t.co/sqN7WQoElU,Normal
"RT @Complex: Tory Lanez called Royce \"Mr. Muscle Milk\" in this vicious Twitter fight.

#ComplexNews https://t.co/mmzIfGiQff",Hateful/Abusive
"RT @angeIictears: me: *breathes*
my mom: https://t.co/lnp6lStdQE",Normal
@norsemanxx13 @ranvijay1980 @LSwitlyk Name a concurrent issue caused by wild hogs.,Normal
RT @agustinagallo99: me aburro,Normal
4,Normal
We Are One Big Happy Family https://t.co/yr1ddb2gab,Normal
"Buat nyari playlist di Spotify yg mo didenger aja udah macem persoalan mo makan apa hari ini...

Tua.",Normal
RT @janiellahdgaf: keep me :(,Normal
RT @Chuvadelinguada: Transando abessa https://t.co/UirNeSObfz,Normal
@WesternRly These funds to be used in cleanliness of railways platform of every suburban stations,Normal
https://t.co/KZy1RRK6dI,Normal
RT @HPJArt: laker depth issues on display. bron 2 day stay in NY https://t.co/JSFLXsoYFK,Normal
I got to send him a beat. https://t.co/VfKZZzoify,Normal
RT @Patrici15767099: What good will it do to post the names of the Rinos...they just won re-election or they're on their way out.,Normal
RT @meridiem_: https://t.co/3AXXy90Hq4,Normal
RT @rjcmxrell: my heart still wants you,Normal
RT @greengoblin: We have more then 3 pro-bowlers on our team...,Normal
@KRISSNOTJENNER WOW. suddenly we're getting married tomorrow. i'm in love....,Normal
"RT @sufiansuhaimi_: Kalau tak boleh jernihkan keadaan, janganlah keruhkan lagi.",Normal
@melodedadi sigeeeeeeeeeeeee,Normal
RT @aylinnytzel: this weather just killlled my mood to go out,Normal
RT @hoennzollern: Still thinking about the best Azumanga comic https://t.co/WTgGiiIESD,Normal
"RT @sadhavi: The next state to go #Chhattisgarh way is Haryana. 
Terrible Khattar Sarkar.",Normal
"https://t.co/DzDTlARZdP 

Got major love today. So humbled and excited for people to read. https://t.co/08Glv23s8i",Normal
@karpotunalmusic No problem,Normal
"@El_Sacko2 Lmfao. Could never find a clean cup or utensil. Yelp review, 3 stars.",Normal
YABAI,Normal
RT @SrtaLyna: @joelsvallejos Ahora dame mi comida,Normal
@kyurenii responde minha mensagem,Normal
"@Courtneyscoffs Very tragic.

Primum non nocere",Normal
@KStone526 I will for sure :),Normal
RT @andreliftss: This how we all gonna die https://t.co/YsRHhGHfra,Normal
"RT @VignaMyDonut: QUE COSA HERMOSA MILAAA

BAILA MERYFACU AL 44644 https://t.co/TXGYIQJpKY",Normal
RT @andreliftss: This how we all gonna die https://t.co/YsRHhGHfra,Normal
RT @xSimplicit: Might fuck around and overthink myself into a bad mood.,Hateful/Abusive
@yoiness @sbassi no tengo idea,Normal
No puedo con tanto,Normal
RT @Andrei_DaSilva: We all broke our rules for someone.,Normal
@Nandaamadha 16 januari jgn sampe lolos,Normal
"RT @shurivalkyri: In conclusion- 
STAN OUR LORD AND SAVIOUR, THE WOC QUESR QUEEN WE DESERVE, TESSA THOMPSON https://t.co/AaT2H2UU8e",Normal
@fightyoursorrow where the h mart is! my therapy is down the street near wilshire western..and i get out around 12:20~25?,Normal
"RT @itsmeBradyB: Rt for Rihanna 
Like for Ariana https://t.co/heK8ECYjJr",Normal
@Ferdelagarzaa SKSKSKKSKS ESTABA ESCUCHANDO ESTO EN EL CARROOOO TIENES PODERES PSIQUICOS,Normal
"RT @yoongispuppy: SOPE MADE ME LAUGH SO HARD THEY R THE CUTEST U HAVE TO HAVE THIS ON YOUR TL 
@BTS_twt https://t.co/zOViS3AeRK",Normal
@fdhilrushd Hahahahaha kuangaja cakap aku gadis kesepian! Kau sabar jap aku bawak balik pakwe turki hidung panjang 2 meter!,Normal
//Shinsou gets left alone for too long and he immediately starts telling people how objectively hot they are,Normal
"RT @Abradamnlinkon: man, let me tell you something https://t.co/64hTmYDlmt",Normal
RT @guypbenson: 87-12 https://t.co/qkwYFjMKQn,Normal
The run that cut the deficit and made it a game.  I think LeBron added another layup after this sequence too.,Normal
"Me da arrechera estar hablando con alguien y que me ande tratando todo seco, a mi me dicessss mi amor si no no me hableees",Normal
Madruga feelings,Normal
RT @ampigranata7: Quiero doritos con coca,Normal
Ayan na! #PlayHouseTheUnexpected,Normal
@LustUnstoppable A Gentle smash because I only serve one king,Normal
STRATEGI DAN BISNIS - Atalia Kamil Kenalkan Sekoper Cinta Pada Sekolah Perempuan se-Indonesia https://t.co/kGkGNtXJeP,Normal
Jey the Nite Wing needs a plate.,Normal
@CoMissourian Thank you for such a great story!,Normal
RT @nrainbmy: learn to let go & things will get better from there.,Normal
"#georgeharrison
#george
#beatles
#thebeatles https://t.co/Tq0G7TwvFg",Normal
Hoje eu vou tirar a madrugada pra pensar na vida,Normal
https://t.co/at7rQpj7Gi,Normal
RT @cuervotinelli: Genios @mery_delcerro y @FacuMazzei . Semifinal #Bailando2018 https://t.co/sqN7WQoElU,Normal
Tangina yung tulog ko sakit sa katawan HAHAHAHAHA,Normal
RT @PEY7ON: Bro live in Fallout 4 https://t.co/JagSBrIpWI,Normal
RT @hondvran: this hoe cheated on my man.. BITCHES AINT SHIT we disrespecting women all 2K19 https://t.co/g9lJ5NOGpH,Hateful/Abusive
RT @mcarrascooc: Ptmm me caga que traten mal a los meseroooss,Normal
Modo puto sayajim 2000 ativado.,Normal
"RT @SaltyKibbles: 1/2

#NSFW // #gay // #yiff

Artist: Tanraak https://t.co/ox4I0TweJE",Hateful/Abusive
"RT @ElOmeroSinson: No, yo quiero facturas jajajajaja https://t.co/7oc5bhdX1x",Normal
RT @GxbbieTheBaddie: K camp off back https://t.co/jTgUab6XqI,Normal
RT @mercurysbicycle: Me pretending to play the piano while listening to Bohemian Rhapsody https://t.co/XxGoyduMPM,Normal
RT @tokireum: jimin knows he is hot so he can play with us like that. i'm sad https://t.co/VI0YAS6U8U,Normal
RT @dsuperboy: Twitter rasa facebook.,Normal
RT @CraigCaplan: 87-12: Senate passes First Step criminal justice reform bill. Now heads to House. https://t.co/UXv8kl20S3,Normal
RT @VegueroVzla: Bueno llego la hora de??? https://t.co/l8MqGVUJz8,Normal
RT @vxnxms: qnd eu morre no atestado de obito vai ta escrito causa da morte lindo d+,Normal
@fpobletem Viva el sensacionalismo,Normal
https://t.co/J88CDc8Esj,Normal
@randalflag1957 https://t.co/vzBaV35oL8,Normal
"RT @chucossar: Le pesan de lo grandes que los tiene
Hermoso @RaulCascini05 https://t.co/ZN3jGtHR9q",Normal
RT @abdlmalek_: @suhaimyharun Sesiapa yg teringat scene kampung boy confirm bukan geng milenial hahahaha,Normal
RT @Camila_Cabello: Actual script taken from Harry Potter (filmed in Christ church college AKA the real Hogwarts) https://t.co/2csZef7pxB,Normal
Girl what?,Normal
Jaman skrg udah ngga ada pak..,Normal
"RT @lvspxt: como ja dizia bola de fogo

o calor ta de matar",Normal
RT @808snCarShakess: Young Dolph and Key Glock freestyle on Tim Westwood TV. https://t.co/cT8YUc1LfW,Normal
RT @syukasyu_0830: https://t.co/PwoQwbZkEI,Normal
RT @oiejuao: q calor insuportavel    parece eu,Normal
"RT @OmarDRuiz: NFC Pro Bowl team, defense https://t.co/HQn308CnOM",Normal
RT @ITSKYLESlSTER: I hate being in that mood where nothing's really wrong but nothing feels right either,Normal
RT @BUNNYH00D: https://t.co/AOTRc8QkTc,Normal
pessoas que visitaram meu perfil e grupos que sigo no Twitter https://t.co/sOmdvHdR1L,Normal
RT @808snCarShakess: Young Dolph and Key Glock freestyle on Tim Westwood TV. https://t.co/cT8YUc1LfW,Normal
@AwwwwCats Alright way to go enjoy your loving home,Normal
@Showmatch2018TV,Normal
@jendniy ga ah nimo bauk,Normal
RT @Alcoru30: https://t.co/lvdeKeCeqN,Normal
RT @Pioooooona: Totoo nga kasi siya Nakauma https://t.co/HdLsydx7Nr,Normal
Cansada,Normal
"RT @pilimoralesa1: Nombre: lainten
Apellido: sidad",Normal
"Aaron Thompson, have a day!!!",Normal
"RT @wordsporns: If you're struggling, that means you're progressing",Normal
J'ai fini de prendre les appels pour aujourd'hui. Regarde mon profil https://t.co/vkd010NuN5  #iWantPhone #PhoneDom,Normal
Frankly I'm hope the whole @GOP go down with the #Trump ship of degenerates,Normal
@smirqueen @babojubs N tinha alguma com eu menos nu?,Normal
Pergunte-me qualquer coisa https://t.co/jm5A1AAWWd,Normal
Gen math is killing meeeh,Normal
https://t.co/sub20eC9H9,Normal
RT @outrotear: amazing yet an underrated era https://t.co/8aAzQupVIZ,Normal
@GiancaaRanieri Jajajaja enano sorete,Normal
RT @damedollla: i think we broke him @theneedledrop https://t.co/fbG8aBDBfY,Normal
I want champurrado,Normal
RT @archillect: https://t.co/NeldNOwbV4,Normal
"pagi wei
yang ga join kena azab rprl /g",Normal
@HayleeAndFamily Yes!!!,Normal
RT @camilleablq: papai noel filho da puta nunca trouxe meu presente https://t.co/iMk3zToMyf,Normal
A woman,Normal
RT @HOSEI_FC: https://t.co/upjiXr4mLQ,Normal
RT @musictakesbot: Depeche Mode makes soul for people whose Twitter bio is 'welcome to my twisted mind',Normal
@ENAEUNHA97 CIUUM SINI,Normal
Never,Normal
RT @LeonKrauze: Errar es humano. Es bueno rectificar. https://t.co/DK4xahgGui,Normal
RT @guest_masseur: https://t.co/wGjRduProD,Normal
RT @s_k_hanselmann: Unemployable https://t.co/DBTOS7KRGL,Normal
I blame it on SNL last night.,Normal
PACTO DE AMOR By JAYAGU ECUADOR https://t.co/X1u9FeQP3a,Normal
Bonne nuit,Normal
"RT @bluvalentin3: wish you were here
wish i was there",Normal
RT @Here_4_Fun_69: https://t.co/B9oioGTn1I,Normal
RT @trashygaytweets: The toys in Toy Story when they saw Andy walking in to the room  https://t.co/iHB6AoHjzS,Normal
Sarap ma deadz,Normal
RT @Y2SHAF: right after i set the fire myself https://t.co/kfwsBnTFaW,Normal
RT @jerritama: https://t.co/vYKqRjoYAZ,Normal
RT @superanjean12: #PlayHouseTheUnexpected https://t.co/DQKhEw9yFO,Normal
@wglisboa Salete mais tarde papai,Normal
RT @BPDumpster: and what do you gain from this Jisoo???whhhaaattt??? https://t.co/cbSLQaUNm8,Normal
@ChefBoiArNigga This is you with everything you buy....,Normal
GOT7 NO BRASIL,Normal
one person unfollowed me // automatically checked by https://t.co/CeWM3gXulV,Normal
RT @ilycloures: as pessoas me enrola tanto que so falta me fumar,Normal
RT @HighDistortion: NEW FORTNITE ABILITY! https://t.co/yJUPDBhmwi,Normal
RT @Fachu_05: Unas ganas de tener esos problemas https://t.co/Ay6jbxFFPo,Normal
Some Florida shit right there,Hateful/Abusive
"Pia - Cat Walk
Catriona - Lava Walk

Aubrey - Pokp Walk",Normal
"RT @FarukuCostumes: Leggy test! Using a tweaked pattern and filling, moves much better now https://t.co/L5zqCcVVJ0",Normal
@NHL @ErikKarlsson65 Dahlin better,Normal
RT @Kigali_Memorial: Rest in Peace Sula Karuhimbi! Thank you for living out your Humanity. https://t.co/BouU7cK2Uk,Normal
"RT @Aleblancorj: Yo demostrando amor 
+ https://t.co/QZxdmjn87J",Normal
RT @mannylinarte: Hispanic dads out at a big family dinner https://t.co/vLKWXAOEaH,Normal
@Eze_cv16 JAJAJAJAJAJAJAJ lpm,Normal
RT @localforeignn: You check the calculator app !? Lmao https://t.co/7QkdLO4MUM,Normal
I'm I the only one who think Davido is overrated.,Normal
Mais pela q sou hj,Normal
RT @miinahstranger: https://t.co/vT7fU7rs4D,Normal
@stonecold2050 Squint,Normal
"For 2019, I hope to get my old account unsuspended #HappyNewYear #2019Hopes",Normal
@papitomly SAYA DAH NAK FINALS NI WEEE TAK SABAR NAK PULANG tempat saya masih ada lagi tak,Normal
Root root root for her team (27 Photos) https://t.co/xIcQIaI6jU,Normal
https://t.co/H8QSdP9wR5,Normal
@elonmusk @boringcompany @elonmusk is a magician,Normal
RT @ArgentKrypt: https://t.co/02VMeEC5bo,Normal
Having a great time with parents during our Coffee With the Principal.. https://t.co/KkENXfmEmt,Normal
@ItsRodStebbings Correct,Normal
"oh, what the hell
#IAmAHorrorFan https://t.co/rQDHKlzZKL",Normal
@ReginaYacuzzi @DulceVRG @abrigo_agustina come el paty con la pepsi jajode,Normal
@TweetsByTasha Stay ya ass at home,Hateful/Abusive
@sunpictures @actorsimha @rajinikanth @karthiksubbaraj @anirudhofficial @VijaySethuOffl @SimranbaggaOffc @trishtrashers @Nawazuddin_S Wow,Normal
RT @LrdPrettyFranco: Sometimes we do it just to see if we still got it. https://t.co/SHVXQYeEX3,Normal
@leevethecity i blocked lauren,Normal
#BabeKasihTau Begini Kronologis Pembunuhan Usai Konser HUT Transmedia  #national https://t.co/7RrBAWuKds,Normal
RT @blaquepink: thank you miss philippines for this SERVE https://t.co/YdO54TzJgS,Normal
Wed Dec 19 03:26:01 +0000 2018currentcethttps://twitter.com/Currentcet /status/1075230747823345665,Normal
RT @shaneeeomekaa: Coming home after a long tiring day of ditching https://t.co/JGMM2G5YX8,Normal
RT @EddieLizard_: Bonita noche para recordar los paseos por la playa.,Normal
@hawtnready_ Lool see that's why I have the option to burn off my tubes so...,Normal
RT @Dabeztt: [scan] Oh!GG Season's Greetings 2019 - Diary (20p) HQ >>> https://t.co/ONGWh8efCw https://t.co/dcqdisf9aK,Normal
"@Jawiin @RB3Schmoes It actually holds up incredibly well visually, especially compared to the first one.",Normal
RT @minmbb2: I CAN NOT BREATHEEE AKDKJFDK https://t.co/EI6ROw0tye,Normal
RT @tr06020531: #TamaArt https://t.co/uvYHRDGVng,Normal
Me GIF https://t.co/uE2hYcFm9i,Normal
"Rumble, Elimination Chamber and Mania we might as well go to Fast Lane to make it 4 PPVs straight",Normal
I totally understand: I have a soft spot for All Things Ultimate,Normal
RT @DeAndreHopkins: Squad got me like Paul in the finals https://t.co/uD5RTYlf2Z,Normal
"Comeback means second changes, pangalawang pag kakataon para itama ang mga pag kakamali.",Normal
RT @kayelisee: how me & @_illestBAlive finna be #DO4 https://t.co/P446mv3YKU,Normal
@kimseok_min Would you be willing to trade love sehun to love minseok?,Normal
@lyonelmunoz2 @GiorgioJackson @nicoespjar Todos son cinicos,Normal
@rochabeatriz SOCORRO EU MESMAAAAAAAAA,Normal
"We need your help! Send Pete a strong message: We want you in 2020 

Donate at https://t.co/hwe6rD0VII",Normal
RT @ahglam_: Run me my money bitch https://t.co/MQSiq4v207,Hateful/Abusive
1700,Normal
hahahahahahahahahaha lande landeee,Normal
RT @JTdoESCADAO: Nada pra fazer.,Normal
@WWEDanielBryan Hey Mr. Bryan this site wastes electricity!!! ha ha ha ha ha ha!,Normal
RT @Kefera: @deborawelker foda-se gorda,Normal
RT @iahgos: linda essa que posta 10 twet desabafando depois apaga tudo e finge que nada aconteceu,Normal
@_galabriela_ @MasamiHoliguti Siim,Normal
RT @guipyrexx: O melhor era o da fabrica dos bolos https://t.co/6CXMjPG2sA,Normal
RT @granadosanapaz: Que ganas de ahogarme en helado,Normal
RT @Patriot988: @awaken_to_maga @HeidiM_67 @cazenave_leanna Liberal logic... https://t.co/aIjGx7Sjs4,Normal
"@IngrahamAngle Tell that to all the people who got axed at GM's Lordstown, Ohio plant..",Normal
RT @Le0917Le: Her name is Karly Dickerson and she goes to Morrison Knolls high school https://t.co/9O7XZt3zre,Normal
@TooDirtyDrew YUP,Normal
@acbvvdxd @alulbaiyt313 https://t.co/odknxqQn0g,Normal
RT @Leoluduena21: Que voz de mierda tengo en los audios,Normal
RT @SriSri: Met the Hon. Indian Ambassador to Lebanon Mr. Sanjiv Arora in Beirut. https://t.co/y5608Q0twG,Normal
@shxhxua melambat,Normal
"RT @AmamosAMica_: Puesto onceeeee, eaeaea, a subirloooo!
AMO SER MICAELISTX",Normal
"I'm so sad to hear of Penny Marshall's passing.....LaVerne was my girl back on the day....Shirley too!!!

RIP #PennyMarshall",Normal
